date_key,fullDate,dayOfWeek,dayNumInMonth,dayNumOverall,dayName,dayAbbrev,weekDayFlag,weekNumInYear,weekNumOverall,weekBeginDate,weekBeginDatekey,month,monthNumOverall,monthName,monthAbbrev,quarter,year,yearmo,fiscalMonth,fiscalQuarter,fiscalYear,lastDayInMonthFlag,sameDayYearAgoDate
20200101,2020-01-01,3,1,1,Wednesday,Wed,y,1,1,2019-12-30,20191230,1,1,January,Jan,1,2020,202001,7,3,2020,n,2019-01-01
20200102,2020-01-02,4,2,2,Thursday,Thu,y,1,1,2019-12-30,20191230,1,1,January,Jan,1,2020,202001,7,3,2020,n,2019-01-02
20200103,2020-01-03,5,3,3,Friday,Fri,y,1,1,2019-12-30,20191230,1,1,January,Jan,1,2020,202001,7,3,2020,n,2019-01-03
20200104,2020-01-04,6,4,4,Saturday,Sat,n,1,1,2019-12-30,20191230,1,1,January,Jan,1,2020,202001,7,3,2020,n,2019-01-04
20200105,2020-01-05,7,5,5,Sunday,Sun,n,1,1,2019-12-30,20191230,1,1,January,Jan,1,2020,202001,7,3,2020,n,2019-01-05
20200106,2020-01-06,1,6,6,Monday,Mon,y,2,2,2020-01-06,20200106,1,1,January,Jan,1,2020,202001,7,3,2020,n,2019-01-06
20200107,2020-01-07,2,7,7,Tuesday,Tue,y,2,2,2020-01-06,20200106,1,1,January,Jan,1,2020,202001,7,3,2020,n,2019-01-07
20200108,2020-01-08,3,8,8,Wednesday,Wed,y,2,2,2020-01-06,20200106,1,1,January,Jan,1,2020,202001,7,3,2020,n,2019-01-08
20200109,2020-01-09,4,9,9,Thursday,Thu,y,2,2,2020-01-06,20200106,1,1,January,Jan,1,2020,202001,7,3,2020,n,2019-01-09
20200110,2020-01-10,5,10,10,Friday,Fri,y,2,2,2020-01-06,20200106,1,1,January,Jan,1,2020,202001,7,3,2020,n,2019-01-10
20200111,2020-01-11,6,11,11,Saturday,Sat,n,2,2,2020-01-06,20200106,1,1,January,Jan,1,2020,202001,7,3,2020,n,2019-01-11
20200112,2020-01-12,7,12,12,Sunday,Sun,n,2,2,2020-01-06,20200106,1,1,January,Jan,1,2020,202001,7,3,2020,n,2019-01-12
20200113,2020-01-13,1,13,13,Monday,Mon,y,3,3,2020-01-13,20200113,1,1,January,Jan,1,2020,202001,7,3,2020,n,2019-01-13
20200114,2020-01-14,2,14,14,Tuesday,Tue,y,3,3,2020-01-13,20200113,1,1,January,Jan,1,2020,202001,7,3,2020,n,2019-01-14
20200115,2020-01-15,3,15,15,Wednesday,Wed,y,3,3,2020-01-13,20200113,1,1,January,Jan,1,2020,202001,7,3,2020,n,2019-01-15
20200116,2020-01-16,4,16,16,Thursday,Thu,y,3,3,2020-01-13,20200113,1,1,January,Jan,1,2020,202001,7,3,2020,n,2019-01-16
20200117,2020-01-17,5,17,17,Friday,Fri,y,3,3,2020-01-13,20200113,1,1,January,Jan,1,2020,202001,7,3,2020,n,2019-01-17
20200118,2020-01-18,6,18,18,Saturday,Sat,n,3,3,2020-01-13,20200113,1,1,January,Jan,1,2020,202001,7,3,2020,n,2019-01-18
20200119,2020-01-19,7,19,19,Sunday,Sun,n,3,3,2020-01-13,20200113,1,1,January,Jan,1,2020,202001,7,3,2020,n,2019-01-19
20200120,2020-01-20,1,20,20,Monday,Mon,y,4,4,2020-01-20,20200120,1,1,January,Jan,1,2020,202001,7,3,2020,n,2019-01-20
20200121,2020-01-21,2,21,21,Tuesday,Tue,y,4,4,2020-01-20,20200120,1,1,January,Jan,1,2020,202001,7,3,2020,n,2019-01-21
20200122,2020-01-22,3,22,22,Wednesday,Wed,y,4,4,2020-01-20,20200120,1,1,January,Jan,1,2020,202001,7,3,2020,n,2019-01-22
20200123,2020-01-23,4,23,23,Thursday,Thu,y,4,4,2020-01-20,20200120,1,1,January,Jan,1,2020,202001,7,3,2020,n,2019-01-23
20200124,2020-01-24,5,24,24,Friday,Fri,y,4,4,2020-01-20,20200120,1,1,January,Jan,1,2020,202001,7,3,2020,n,2019-01-24
20200125,2020-01-25,6,25,25,Saturday,Sat,n,4,4,2020-01-20,20200120,1,1,January,Jan,1,2020,202001,7,3,2020,n,2019-01-25
20200126,2020-01-26,7,26,26,Sunday,Sun,n,4,4,2020-01-20,20200120,1,1,January,Jan,1,2020,202001,7,3,2020,n,2019-01-26
20200127,2020-01-27,1,27,27,Monday,Mon,y,5,5,2020-01-27,20200127,1,1,January,Jan,1,2020,202001,7,3,2020,n,2019-01-27
20200128,2020-01-28,2,28,28,Tuesday,Tue,y,5,5,2020-01-27,20200127,1,1,January,Jan,1,2020,202001,7,3,2020,n,2019-01-28
20200129,2020-01-29,3,29,29,Wednesday,Wed,y,5,5,2020-01-27,20200127,1,1,January,Jan,1,2020,202001,7,3,2020,n,2019-01-29
20200130,2020-01-30,4,30,30,Thursday,Thu,y,5,5,2020-01-27,20200127,1,1,January,Jan,1,2020,202001,7,3,2020,n,2019-01-30
20200131,2020-01-31,5,31,31,Friday,Fri,y,5,5,2020-01-27,20200127,1,1,January,Jan,1,2020,202001,7,3,2020,y,2019-01-31
20200201,2020-02-01,6,1,32,Saturday,Sat,n,5,5,2020-01-27,20200127,2,2,February,Feb,1,2020,202002,8,3,2020,n,2019-02-01
20200202,2020-02-02,7,2,33,Sunday,Sun,n,5,5,2020-01-27,20200127,2,2,February,Feb,1,2020,202002,8,3,2020,n,2019-02-02
20200203,2020-02-03,1,3,34,Monday,Mon,y,6,6,2020-02-03,20200203,2,2,February,Feb,1,2020,202002,8,3,2020,n,2019-02-03
20200204,2020-02-04,2,4,35,Tuesday,Tue,y,6,6,2020-02-03,20200203,2,2,February,Feb,1,2020,202002,8,3,2020,n,2019-02-04
20200205,2020-02-05,3,5,36,Wednesday,Wed,y,6,6,2020-02-03,20200203,2,2,February,Feb,1,2020,202002,8,3,2020,n,2019-02-05
20200206,2020-02-06,4,6,37,Thursday,Thu,y,6,6,2020-02-03,20200203,2,2,February,Feb,1,2020,202002,8,3,2020,n,2019-02-06
20200207,2020-02-07,5,7,38,Friday,Fri,y,6,6,2020-02-03,20200203,2,2,February,Feb,1,2020,202002,8,3,2020,n,2019-02-07
20200208,2020-02-08,6,8,39,Saturday,Sat,n,6,6,2020-02-03,20200203,2,2,February,Feb,1,2020,202002,8,3,2020,n,2019-02-08
20200209,2020-02-09,7,9,40,Sunday,Sun,n,6,6,2020-02-03,20200203,2,2,February,Feb,1,2020,202002,8,3,2020,n,2019-02-09
20200210,2020-02-10,1,10,41,Monday,Mon,y,7,7,2020-02-10,20200210,2,2,February,Feb,1,2020,202002,8,3,2020,n,2019-02-10
20200211,2020-02-11,2,11,42,Tuesday,Tue,y,7,7,2020-02-10,20200210,2,2,February,Feb,1,2020,202002,8,3,2020,n,2019-02-11
20200212,2020-02-12,3,12,43,Wednesday,Wed,y,7,7,2020-02-10,20200210,2,2,February,Feb,1,2020,202002,8,3,2020,n,2019-02-12
20200213,2020-02-13,4,13,44,Thursday,Thu,y,7,7,2020-02-10,20200210,2,2,February,Feb,1,2020,202002,8,3,2020,n,2019-02-13
20200214,2020-02-14,5,14,45,Friday,Fri,y,7,7,2020-02-10,20200210,2,2,February,Feb,1,2020,202002,8,3,2020,n,2019-02-14
20200215,2020-02-15,6,15,46,Saturday,Sat,n,7,7,2020-02-10,20200210,2,2,February,Feb,1,2020,202002,8,3,2020,n,2019-02-15
20200216,2020-02-16,7,16,47,Sunday,Sun,n,7,7,2020-02-10,20200210,2,2,February,Feb,1,2020,202002,8,3,2020,n,2019-02-16
20200217,2020-02-17,1,17,48,Monday,Mon,y,8,8,2020-02-17,20200217,2,2,February,Feb,1,2020,202002,8,3,2020,n,2019-02-17
20200218,2020-02-18,2,18,49,Tuesday,Tue,y,8,8,2020-02-17,20200217,2,2,February,Feb,1,2020,202002,8,3,2020,n,2019-02-18
20200219,2020-02-19,3,19,50,Wednesday,Wed,y,8,8,2020-02-17,20200217,2,2,February,Feb,1,2020,202002,8,3,2020,n,2019-02-19
20200220,2020-02-20,4,20,51,Thursday,Thu,y,8,8,2020-02-17,20200217,2,2,February,Feb,1,2020,202002,8,3,2020,n,2019-02-20
20200221,2020-02-21,5,21,52,Friday,Fri,y,8,8,2020-02-17,20200217,2,2,February,Feb,1,2020,202002,8,3,2020,n,2019-02-21
20200222,2020-02-22,6,22,53,Saturday,Sat,n,8,8,2020-02-17,20200217,2,2,February,Feb,1,2020,202002,8,3,2020,n,2019-02-22
20200223,2020-02-23,7,23,54,Sunday,Sun,n,8,8,2020-02-17,20200217,2,2,February,Feb,1,2020,202002,8,3,2020,n,2019-02-23
20200224,2020-02-24,1,24,55,Monday,Mon,y,9,9,2020-02-24,20200224,2,2,February,Feb,1,2020,202002,8,3,2020,n,2019-02-24
20200225,2020-02-25,2,25,56,Tuesday,Tue,y,9,9,2020-02-24,20200224,2,2,February,Feb,1,2020,202002,8,3,2020,n,2019-02-25
20200226,2020-02-26,3,26,57,Wednesday,Wed,y,9,9,2020-02-24,20200224,2,2,February,Feb,1,2020,202002,8,3,2020,n,2019-02-26
20200227,2020-02-27,4,27,58,Thursday,Thu,y,9,9,2020-02-24,20200224,2,2,February,Feb,1,2020,202002,8,3,2020,n,2019-02-27
20200228,2020-02-28,5,28,59,Friday,Fri,y,9,9,2020-02-24,20200224,2,2,February,Feb,1,2020,202002,8,3,2020,n,2019-02-28
20200229,2020-02-29,6,29,60,Saturday,Sat,n,9,9,2020-02-24,20200224,2,2,February,Feb,1,2020,202002,8,3,2020,y,2019-03-01
20200301,2020-03-01,7,1,61,Sunday,Sun,n,9,9,2020-02-24,20200224,3,3,March,Mar,1,2020,202003,9,3,2020,n,2019-03-01
20200302,2020-03-02,1,2,62,Monday,Mon,y,10,10,2020-03-02,20200302,3,3,March,Mar,1,2020,202003,9,3,2020,n,2019-03-02
20200303,2020-03-03,2,3,63,Tuesday,Tue,y,10,10,2020-03-02,20200302,3,3,March,Mar,1,2020,202003,9,3,2020,n,2019-03-03
20200304,2020-03-04,3,4,64,Wednesday,Wed,y,10,10,2020-03-02,20200302,3,3,March,Mar,1,2020,202003,9,3,2020,n,2019-03-04
20200305,2020-03-05,4,5,65,Thursday,Thu,y,10,10,2020-03-02,20200302,3,3,March,Mar,1,2020,202003,9,3,2020,n,2019-03-05
20200306,2020-03-06,5,6,66,Friday,Fri,y,10,10,2020-03-02,20200302,3,3,March,Mar,1,2020,202003,9,3,2020,n,2019-03-06
20200307,2020-03-07,6,7,67,Saturday,Sat,n,10,10,2020-03-02,20200302,3,3,March,Mar,1,2020,202003,9,3,2020,n,2019-03-07
20200308,2020-03-08,7,8,68,Sunday,Sun,n,10,10,2020-03-02,20200302,3,3,March,Mar,1,2020,202003,9,3,2020,n,2019-03-08
20200309,2020-03-09,1,9,69,Monday,Mon,y,11,11,2020-03-09,20200309,3,3,March,Mar,1,2020,202003,9,3,2020,n,2019-03-09
20200310,2020-03-10,2,10,70,Tuesday,Tue,y,11,11,2020-03-09,20200309,3,3,March,Mar,1,2020,202003,9,3,2020,n,2019-03-10
20200311,2020-03-11,3,11,71,Wednesday,Wed,y,11,11,2020-03-09,20200309,3,3,March,Mar,1,2020,202003,9,3,2020,n,2019-03-11
20200312,2020-03-12,4,12,72,Thursday,Thu,y,11,11,2020-03-09,20200309,3,3,March,Mar,1,2020,202003,9,3,2020,n,2019-03-12
20200313,2020-03-13,5,13,73,Friday,Fri,y,11,11,2020-03-09,20200309,3,3,March,Mar,1,2020,202003,9,3,2020,n,2019-03-13
20200314,2020-03-14,6,14,74,Saturday,Sat,n,11,11,2020-03-09,20200309,3,3,March,Mar,1,2020,202003,9,3,2020,n,2019-03-14
20200315,2020-03-15,7,15,75,Sunday,Sun,n,11,11,2020-03-09,20200309,3,3,March,Mar,1,2020,202003,9,3,2020,n,2019-03-15
20200316,2020-03-16,1,16,76,Monday,Mon,y,12,12,2020-03-16,20200316,3,3,March,Mar,1,2020,202003,9,3,2020,n,2019-03-16
20200317,2020-03-17,2,17,77,Tuesday,Tue,y,12,12,2020-03-16,20200316,3,3,March,Mar,1,2020,202003,9,3,2020,n,2019-03-17
20200318,2020-03-18,3,18,78,Wednesday,Wed,y,12,12,2020-03-16,20200316,3,3,March,Mar,1,2020,202003,9,3,2020,n,2019-03-18
20200319,2020-03-19,4,19,79,Thursday,Thu,y,12,12,2020-03-16,20200316,3,3,March,Mar,1,2020,202003,9,3,2020,n,2019-03-19
20200320,2020-03-20,5,20,80,Friday,Fri,y,12,12,2020-03-16,20200316,3,3,March,Mar,1,2020,202003,9,3,2020,n,2019-03-20
20200321,2020-03-21,6,21,81,Saturday,Sat,n,12,12,2020-03-16,20200316,3,3,March,Mar,1,2020,202003,9,3,2020,n,2019-03-21
20200322,2020-03-22,7,22,82,Sunday,Sun,n,12,12,2020-03-16,20200316,3,3,March,Mar,1,2020,202003,9,3,2020,n,2019-03-22
20200323,2020-03-23,1,23,83,Monday,Mon,y,13,13,2020-03-23,20200323,3,3,March,Mar,1,2020,202003,9,3,2020,n,2019-03-23
20200324,2020-03-24,2,24,84,Tuesday,Tue,y,13,13,2020-03-23,20200323,3,3,March,Mar,1,2020,202003,9,3,2020,n,2019-03-24
20200325,2020-03-25,3,25,85,Wednesday,Wed,y,13,13,2020-03-23,20200323,3,3,March,Mar,1,2020,202003,9,3,2020,n,2019-03-25
20200326,2020-03-26,4,26,86,Thursday,Thu,y,13,13,2020-03-23,20200323,3,3,March,Mar,1,2020,202003,9,3,2020,n,2019-03-26
20200327,2020-03-27,5,27,87,Friday,Fri,y,13,13,2020-03-23,20200323,3,3,March,Mar,1,2020,202003,9,3,2020,n,2019-03-27
20200328,2020-03-28,6,28,88,Saturday,Sat,n,13,13,2020-03-23,20200323,3,3,March,Mar,1,2020,202003,9,3,2020,n,2019-03-28
20200329,2020-03-29,7,29,89,Sunday,Sun,n,13,13,2020-03-23,20200323,3,3,March,Mar,1,2020,202003,9,3,2020,n,2019-03-29
20200330,2020-03-30,1,30,90,Monday,Mon,y,14,14,2020-03-30,20200330,3,3,March,Mar,1,2020,202003,9,3,2020,n,2019-03-30
20200331,2020-03-31,2,31,91,Tuesday,Tue,y,14,14,2020-03-30,20200330,3,3,March,Mar,1,2020,202003,9,3,2020,y,2019-03-31
20200401,2020-04-01,3,1,92,Wednesday,Wed,y,14,14,2020-03-30,20200330,4,4,April,Apr,2,2020,202004,10,4,2020,n,2019-04-01
20200402,2020-04-02,4,2,93,Thursday,Thu,y,14,14,2020-03-30,20200330,4,4,April,Apr,2,2020,202004,10,4,2020,n,2019-04-02
20200403,2020-04-03,5,3,94,Friday,Fri,y,14,14,2020-03-30,20200330,4,4,April,Apr,2,2020,202004,10,4,2020,n,2019-04-03
20200404,2020-04-04,6,4,95,Saturday,Sat,n,14,14,2020-03-30,20200330,4,4,April,Apr,2,2020,202004,10,4,2020,n,2019-04-04
20200405,2020-04-05,7,5,96,Sunday,Sun,n,14,14,2020-03-30,20200330,4,4,April,Apr,2,2020,202004,10,4,2020,n,2019-04-05
20200406,2020-04-06,1,6,97,Monday,Mon,y,15,15,2020-04-06,20200406,4,4,April,Apr,2,2020,202004,10,4,2020,n,2019-04-06
20200407,2020-04-07,2,7,98,Tuesday,Tue,y,15,15,2020-04-06,20200406,4,4,April,Apr,2,2020,202004,10,4,2020,n,2019-04-07
20200408,2020-04-08,3,8,99,Wednesday,Wed,y,15,15,2020-04-06,20200406,4,4,April,Apr,2,2020,202004,10,4,2020,n,2019-04-08
20200409,2020-04-09,4,9,100,Thursday,Thu,y,15,15,2020-04-06,20200406,4,4,April,Apr,2,2020,202004,10,4,2020,n,2019-04-09
20200410,2020-04-10,5,10,101,Friday,Fri,y,15,15,2020-04-06,20200406,4,4,April,Apr,2,2020,202004,10,4,2020,n,2019-04-10
20200411,2020-04-11,6,11,102,Saturday,Sat,n,15,15,2020-04-06,20200406,4,4,April,Apr,2,2020,202004,10,4,2020,n,2019-04-11
20200412,2020-04-12,7,12,103,Sunday,Sun,n,15,15,2020-04-06,20200406,4,4,April,Apr,2,2020,202004,10,4,2020,n,2019-04-12
20200413,2020-04-13,1,13,104,Monday,Mon,y,16,16,2020-04-13,20200413,4,4,April,Apr,2,2020,202004,10,4,2020,n,2019-04-13
20200414,2020-04-14,2,14,105,Tuesday,Tue,y,16,16,2020-04-13,20200413,4,4,April,Apr,2,2020,202004,10,4,2020,n,2019-04-14
20200415,2020-04-15,3,15,106,Wednesday,Wed,y,16,16,2020-04-13,20200413,4,4,April,Apr,2,2020,202004,10,4,2020,n,2019-04-15
20200416,2020-04-16,4,16,107,Thursday,Thu,y,16,16,2020-04-13,20200413,4,4,April,Apr,2,2020,202004,10,4,2020,n,2019-04-16
20200417,2020-04-17,5,17,108,Friday,Fri,y,16,16,2020-04-13,20200413,4,4,April,Apr,2,2020,202004,10,4,2020,n,2019-04-17
20200418,2020-04-18,6,18,109,Saturday,Sat,n,16,16,2020-04-13,20200413,4,4,April,Apr,2,2020,202004,10,4,2020,n,2019-04-18
20200419,2020-04-19,7,19,110,Sunday,Sun,n,16,16,2020-04-13,20200413,4,4,April,Apr,2,2020,202004,10,4,2020,n,2019-04-19
20200420,2020-04-20,1,20,111,Monday,Mon,y,17,17,2020-04-20,20200420,4,4,April,Apr,2,2020,202004,10,4,2020,n,2019-04-20
20200421,2020-04-21,2,21,112,Tuesday,Tue,y,17,17,2020-04-20,20200420,4,4,April,Apr,2,2020,202004,10,4,2020,n,2019-04-21
20200422,2020-04-22,3,22,113,Wednesday,Wed,y,17,17,2020-04-20,20200420,4,4,April,Apr,2,2020,202004,10,4,2020,n,2019-04-22
20200423,2020-04-23,4,23,114,Thursday,Thu,y,17,17,2020-04-20,20200420,4,4,April,Apr,2,2020,202004,10,4,2020,n,2019-04-23
20200424,2020-04-24,5,24,115,Friday,Fri,y,17,17,2020-04-20,20200420,4,4,April,Apr,2,2020,202004,10,4,2020,n,2019-04-24
20200425,2020-04-25,6,25,116,Saturday,Sat,n,17,17,2020-04-20,20200420,4,4,April,Apr,2,2020,202004,10,4,2020,n,2019-04-25
20200426,2020-04-26,7,26,117,Sunday,Sun,n,17,17,2020-04-20,20200420,4,4,April,Apr,2,2020,202004,10,4,2020,n,2019-04-26
20200427,2020-04-27,1,27,118,Monday,Mon,y,18,18,2020-04-27,20200427,4,4,April,Apr,2,2020,202004,10,4,2020,n,2019-04-27
20200428,2020-04-28,2,28,119,Tuesday,Tue,y,18,18,2020-04-27,20200427,4,4,April,Apr,2,2020,202004,10,4,2020,n,2019-04-28
20200429,2020-04-29,3,29,120,Wednesday,Wed,y,18,18,2020-04-27,20200427,4,4,April,Apr,2,2020,202004,10,4,2020,n,2019-04-29
20200430,2020-04-30,4,30,121,Thursday,Thu,y,18,18,2020-04-27,20200427,4,4,April,Apr,2,2020,202004,10,4,2020,y,2019-04-30
20200501,2020-05-01,5,1,122,Friday,Fri,y,18,18,2020-04-27,20200427,5,5,May,May,2,2020,202005,11,4,2020,n,2019-05-01
20200502,2020-05-02,6,2,123,Saturday,Sat,n,18,18,2020-04-27,20200427,5,5,May,May,2,2020,202005,11,4,2020,n,2019-05-02
20200503,2020-05-03,7,3,124,Sunday,Sun,n,18,18,2020-04-27,20200427,5,5,May,May,2,2020,202005,11,4,2020,n,2019-05-03
20200504,2020-05-04,1,4,125,Monday,Mon,y,19,19,2020-05-04,20200504,5,5,May,May,2,2020,202005,11,4,2020,n,2019-05-04
20200505,2020-05-05,2,5,126,Tuesday,Tue,y,19,19,2020-05-04,20200504,5,5,May,May,2,2020,202005,11,4,2020,n,2019-05-05
20200506,2020-05-06,3,6,127,Wednesday,Wed,y,19,19,2020-05-04,20200504,5,5,May,May,2,2020,202005,11,4,2020,n,2019-05-06
20200507,2020-05-07,4,7,128,Thursday,Thu,y,19,19,2020-05-04,20200504,5,5,May,May,2,2020,202005,11,4,2020,n,2019-05-07
20200508,2020-05-08,5,8,129,Friday,Fri,y,19,19,2020-05-04,20200504,5,5,May,May,2,2020,202005,11,4,2020,n,2019-05-08
20200509,2020-05-09,6,9,130,Saturday,Sat,n,19,19,2020-05-04,20200504,5,5,May,May,2,2020,202005,11,4,2020,n,2019-05-09
20200510,2020-05-10,7,10,131,Sunday,Sun,n,19,19,2020-05-04,20200504,5,5,May,May,2,2020,202005,11,4,2020,n,2019-05-10
20200511,2020-05-11,1,11,132,Monday,Mon,y,20,20,2020-05-11,20200511,5,5,May,May,2,2020,202005,11,4,2020,n,2019-05-11
20200512,2020-05-12,2,12,133,Tuesday,Tue,y,20,20,2020-05-11,20200511,5,5,May,May,2,2020,202005,11,4,2020,n,2019-05-12
20200513,2020-05-13,3,13,134,Wednesday,Wed,y,20,20,2020-05-11,20200511,5,5,May,May,2,2020,202005,11,4,2020,n,2019-05-13
20200514,2020-05-14,4,14,135,Thursday,Thu,y,20,20,2020-05-11,20200511,5,5,May,May,2,2020,202005,11,4,2020,n,2019-05-14
20200515,2020-05-15,5,15,136,Friday,Fri,y,20,20,2020-05-11,20200511,5,5,May,May,2,2020,202005,11,4,2020,n,2019-05-15
20200516,2020-05-16,6,16,137,Saturday,Sat,n,20,20,2020-05-11,20200511,5,5,May,May,2,2020,202005,11,4,2020,n,2019-05-16
20200517,2020-05-17,7,17,138,Sunday,Sun,n,20,20,2020-05-11,20200511,5,5,May,May,2,2020,202005,11,4,2020,n,2019-05-17
20200518,2020-05-18,1,18,139,Monday,Mon,y,21,21,2020-05-18,20200518,5,5,May,May,2,2020,202005,11,4,2020,n,2019-05-18
20200519,2020-05-19,2,19,140,Tuesday,Tue,y,21,21,2020-05-18,20200518,5,5,May,May,2,2020,202005,11,4,2020,n,2019-05-19
20200520,2020-05-20,3,20,141,Wednesday,Wed,y,21,21,2020-05-18,20200518,5,5,May,May,2,2020,202005,11,4,2020,n,2019-05-20
20200521,2020-05-21,4,21,142,Thursday,Thu,y,21,21,2020-05-18,20200518,5,5,May,May,2,2020,202005,11,4,2020,n,2019-05-21
20200522,2020-05-22,5,22,143,Friday,Fri,y,21,21,2020-05-18,20200518,5,5,May,May,2,2020,202005,11,4,2020,n,2019-05-22
20200523,2020-05-23,6,23,144,Saturday,Sat,n,21,21,2020-05-18,20200518,5,5,May,May,2,2020,202005,11,4,2020,n,2019-05-23
20200524,2020-05-24,7,24,145,Sunday,Sun,n,21,21,2020-05-18,20200518,5,5,May,May,2,2020,202005,11,4,2020,n,2019-05-24
20200525,2020-05-25,1,25,146,Monday,Mon,y,22,22,2020-05-25,20200525,5,5,May,May,2,2020,202005,11,4,2020,n,2019-05-25
20200526,2020-05-26,2,26,147,Tuesday,Tue,y,22,22,2020-05-25,20200525,5,5,May,May,2,2020,202005,11,4,2020,n,2019-05-26
20200527,2020-05-27,3,27,148,Wednesday,Wed,y,22,22,2020-05-25,20200525,5,5,May,May,2,2020,202005,11,4,2020,n,2019-05-27
20200528,2020-05-28,4,28,149,Thursday,Thu,y,22,22,2020-05-25,20200525,5,5,May,May,2,2020,202005,11,4,2020,n,2019-05-28
20200529,2020-05-29,5,29,150,Friday,Fri,y,22,22,2020-05-25,20200525,5,5,May,May,2,2020,202005,11,4,2020,n,2019-05-29
20200530,2020-05-30,6,30,151,Saturday,Sat,n,22,22,2020-05-25,20200525,5,5,May,May,2,2020,202005,11,4,2020,n,2019-05-30
20200531,2020-05-31,7,31,152,Sunday,Sun,n,22,22,2020-05-25,20200525,5,5,May,May,2,2020,202005,11,4,2020,y,2019-05-31
20200601,2020-06-01,1,1,153,Monday,Mon,y,23,23,2020-06-01,20200601,6,6,June,Jun,2,2020,202006,12,4,2020,n,2019-06-01
20200602,2020-06-02,2,2,154,Tuesday,Tue,y,23,23,2020-06-01,20200601,6,6,June,Jun,2,2020,202006,12,4,2020,n,2019-06-02
20200603,2020-06-03,3,3,155,Wednesday,Wed,y,23,23,2020-06-01,20200601,6,6,June,Jun,2,2020,202006,12,4,2020,n,2019-06-03
20200604,2020-06-04,4,4,156,Thursday,Thu,y,23,23,2020-06-01,20200601,6,6,June,Jun,2,2020,202006,12,4,2020,n,2019-06-04
20200605,2020-06-05,5,5,157,Friday,Fri,y,23,23,2020-06-01,20200601,6,6,June,Jun,2,2020,202006,12,4,2020,n,2019-06-05
20200606,2020-06-06,6,6,158,Saturday,Sat,n,23,23,2020-06-01,20200601,6,6,June,Jun,2,2020,202006,12,4,2020,n,2019-06-06
20200607,2020-06-07,7,7,159,Sunday,Sun,n,23,23,2020-06-01,20200601,6,6,June,Jun,2,2020,202006,12,4,2020,n,2019-06-07
20200608,2020-06-08,1,8,160,Monday,Mon,y,24,24,2020-06-08,20200608,6,6,June,Jun,2,2020,202006,12,4,2020,n,2019-06-08
20200609,2020-06-09,2,9,161,Tuesday,Tue,y,24,24,2020-06-08,20200608,6,6,June,Jun,2,2020,202006,12,4,2020,n,2019-06-09
20200610,2020-06-10,3,10,162,Wednesday,Wed,y,24,24,2020-06-08,20200608,6,6,June,Jun,2,2020,202006,12,4,2020,n,2019-06-10
20200611,2020-06-11,4,11,163,Thursday,Thu,y,24,24,2020-06-08,20200608,6,6,June,Jun,2,2020,202006,12,4,2020,n,2019-06-11
20200612,2020-06-12,5,12,164,Friday,Fri,y,24,24,2020-06-08,20200608,6,6,June,Jun,2,2020,202006,12,4,2020,n,2019-06-12
20200613,2020-06-13,6,13,165,Saturday,Sat,n,24,24,2020-06-08,20200608,6,6,June,Jun,2,2020,202006,12,4,2020,n,2019-06-13
20200614,2020-06-14,7,14,166,Sunday,Sun,n,24,24,2020-06-08,20200608,6,6,June,Jun,2,2020,202006,12,4,2020,n,2019-06-14
20200615,2020-06-15,1,15,167,Monday,Mon,y,25,25,2020-06-15,20200615,6,6,June,Jun,2,2020,202006,12,4,2020,n,2019-06-15
20200616,2020-06-16,2,16,168,Tuesday,Tue,y,25,25,2020-06-15,20200615,6,6,June,Jun,2,2020,202006,12,4,2020,n,2019-06-16
20200617,2020-06-17,3,17,169,Wednesday,Wed,y,25,25,2020-06-15,20200615,6,6,June,Jun,2,2020,202006,12,4,2020,n,2019-06-17
20200618,2020-06-18,4,18,170,Thursday,Thu,y,25,25,2020-06-15,20200615,6,6,June,Jun,2,2020,202006,12,4,2020,n,2019-06-18
20200619,2020-06-19,5,19,171,Friday,Fri,y,25,25,2020-06-15,20200615,6,6,June,Jun,2,2020,202006,12,4,2020,n,2019-06-19
20200620,2020-06-20,6,20,172,Saturday,Sat,n,25,25,2020-06-15,20200615,6,6,June,Jun,2,2020,202006,12,4,2020,n,2019-06-20
20200621,2020-06-21,7,21,173,Sunday,Sun,n,25,25,2020-06-15,20200615,6,6,June,Jun,2,2020,202006,12,4,2020,n,2019-06-21
20200622,2020-06-22,1,22,174,Monday,Mon,y,26,26,2020-06-22,20200622,6,6,June,Jun,2,2020,202006,12,4,2020,n,2019-06-22
20200623,2020-06-23,2,23,175,Tuesday,Tue,y,26,26,2020-06-22,20200622,6,6,June,Jun,2,2020,202006,12,4,2020,n,2019-06-23
20200624,2020-06-24,3,24,176,Wednesday,Wed,y,26,26,2020-06-22,20200622,6,6,June,Jun,2,2020,202006,12,4,2020,n,2019-06-24
20200625,2020-06-25,4,25,177,Thursday,Thu,y,26,26,2020-06-22,20200622,6,6,June,Jun,2,2020,202006,12,4,2020,n,2019-06-25
20200626,2020-06-26,5,26,178,Friday,Fri,y,26,26,2020-06-22,20200622,6,6,June,Jun,2,2020,202006,12,4,2020,n,2019-06-26
20200627,2020-06-27,6,27,179,Saturday,Sat,n,26,26,2020-06-22,20200622,6,6,June,Jun,2,2020,202006,12,4,2020,n,2019-06-27
20200628,2020-06-28,7,28,180,Sunday,Sun,n,26,26,2020-06-22,20200622,6,6,June,Jun,2,2020,202006,12,4,2020,n,2019-06-28
20200629,2020-06-29,1,29,181,Monday,Mon,y,27,27,2020-06-29,20200629,6,6,June,Jun,2,2020,202006,12,4,2020,n,2019-06-29
20200630,2020-06-30,2,30,182,Tuesday,Tue,y,27,27,2020-06-29,20200629,6,6,June,Jun,2,2020,202006,12,4,2020,y,2019-06-30
20200701,2020-07-01,3,1,183,Wednesday,Wed,y,27,27,2020-06-29,20200629,7,7,July,Jul,3,2020,202007,1,1,2021,n,2019-07-01
20200702,2020-07-02,4,2,184,Thursday,Thu,y,27,27,2020-06-29,20200629,7,7,July,Jul,3,2020,202007,1,1,2021,n,2019-07-02
20200703,2020-07-03,5,3,185,Friday,Fri,y,27,27,2020-06-29,20200629,7,7,July,Jul,3,2020,202007,1,1,2021,n,2019-07-03
20200704,2020-07-04,6,4,186,Saturday,Sat,n,27,27,2020-06-29,20200629,7,7,July,Jul,3,2020,202007,1,1,2021,n,2019-07-04
20200705,2020-07-05,7,5,187,Sunday,Sun,n,27,27,2020-06-29,20200629,7,7,July,Jul,3,2020,202007,1,1,2021,n,2019-07-05
20200706,2020-07-06,1,6,188,Monday,Mon,y,28,28,2020-07-06,20200706,7,7,July,Jul,3,2020,202007,1,1,2021,n,2019-07-06
20200707,2020-07-07,2,7,189,Tuesday,Tue,y,28,28,2020-07-06,20200706,7,7,July,Jul,3,2020,202007,1,1,2021,n,2019-07-07
20200708,2020-07-08,3,8,190,Wednesday,Wed,y,28,28,2020-07-06,20200706,7,7,July,Jul,3,2020,202007,1,1,2021,n,2019-07-08
20200709,2020-07-09,4,9,191,Thursday,Thu,y,28,28,2020-07-06,20200706,7,7,July,Jul,3,2020,202007,1,1,2021,n,2019-07-09
20200710,2020-07-10,5,10,192,Friday,Fri,y,28,28,2020-07-06,20200706,7,7,July,Jul,3,2020,202007,1,1,2021,n,2019-07-10
20200711,2020-07-11,6,11,193,Saturday,Sat,n,28,28,2020-07-06,20200706,7,7,July,Jul,3,2020,202007,1,1,2021,n,2019-07-11
20200712,2020-07-12,7,12,194,Sunday,Sun,n,28,28,2020-07-06,20200706,7,7,July,Jul,3,2020,202007,1,1,2021,n,2019-07-12
20200713,2020-07-13,1,13,195,Monday,Mon,y,29,29,2020-07-13,20200713,7,7,July,Jul,3,2020,202007,1,1,2021,n,2019-07-13
20200714,2020-07-14,2,14,196,Tuesday,Tue,y,29,29,2020-07-13,20200713,7,7,July,Jul,3,2020,202007,1,1,2021,n,2019-07-14
20200715,2020-07-15,3,15,197,Wednesday,Wed,y,29,29,2020-07-13,20200713,7,7,July,Jul,3,2020,202007,1,1,2021,n,2019-07-15
20200716,2020-07-16,4,16,198,Thursday,Thu,y,29,29,2020-07-13,20200713,7,7,July,Jul,3,2020,202007,1,1,2021,n,2019-07-16
20200717,2020-07-17,5,17,199,Friday,Fri,y,29,29,2020-07-13,20200713,7,7,July,Jul,3,2020,202007,1,1,2021,n,2019-07-17
20200718,2020-07-18,6,18,200,Saturday,Sat,n,29,29,2020-07-13,20200713,7,7,July,Jul,3,2020,202007,1,1,2021,n,2019-07-18
20200719,2020-07-19,7,19,201,Sunday,Sun,n,29,29,2020-07-13,20200713,7,7,July,Jul,3,2020,202007,1,1,2021,n,2019-07-19
20200720,2020-07-20,1,20,202,Monday,Mon,y,30,30,2020-07-20,20200720,7,7,July,Jul,3,2020,202007,1,1,2021,n,2019-07-20
20200721,2020-07-21,2,21,203,Tuesday,Tue,y,30,30,2020-07-20,20200720,7,7,July,Jul,3,2020,202007,1,1,2021,n,2019-07-21
20200722,2020-07-22,3,22,204,Wednesday,Wed,y,30,30,2020-07-20,20200720,7,7,July,Jul,3,2020,202007,1,1,2021,n,2019-07-22
20200723,2020-07-23,4,23,205,Thursday,Thu,y,30,30,2020-07-20,20200720,7,7,July,Jul,3,2020,202007,1,1,2021,n,2019-07-23
20200724,2020-07-24,5,24,206,Friday,Fri,y,30,30,2020-07-20,20200720,7,7,July,Jul,3,2020,202007,1,1,2021,n,2019-07-24
20200725,2020-07-25,6,25,207,Saturday,Sat,n,30,30,2020-07-20,20200720,7,7,July,Jul,3,2020,202007,1,1,2021,n,2019-07-25
20200726,2020-07-26,7,26,208,Sunday,Sun,n,30,30,2020-07-20,20200720,7,7,July,Jul,3,2020,202007,1,1,2021,n,2019-07-26
20200727,2020-07-27,1,27,209,Monday,Mon,y,31,31,2020-07-27,20200727,7,7,July,Jul,3,2020,202007,1,1,2021,n,2019-07-27
20200728,2020-07-28,2,28,210,Tuesday,Tue,y,31,31,2020-07-27,20200727,7,7,July,Jul,3,2020,202007,1,1,2021,n,2019-07-28
20200729,2020-07-29,3,29,211,Wednesday,Wed,y,31,31,2020-07-27,20200727,7,7,July,Jul,3,2020,202007,1,1,2021,n,2019-07-29
20200730,2020-07-30,4,30,212,Thursday,Thu,y,31,31,2020-07-27,20200727,7,7,July,Jul,3,2020,202007,1,1,2021,n,2019-07-30
20200731,2020-07-31,5,31,213,Friday,Fri,y,31,31,2020-07-27,20200727,7,7,July,Jul,3,2020,202007,1,1,2021,y,2019-07-31
20200801,2020-08-01,6,1,214,Saturday,Sat,n,31,31,2020-07-27,20200727,8,8,August,Aug,3,2020,202008,2,1,2021,n,2019-08-01
20200802,2020-08-02,7,2,215,Sunday,Sun,n,31,31,2020-07-27,20200727,8,8,August,Aug,3,2020,202008,2,1,2021,n,2019-08-02
20200803,2020-08-03,1,3,216,Monday,Mon,y,32,32,2020-08-03,20200803,8,8,August,Aug,3,2020,202008,2,1,2021,n,2019-08-03
20200804,2020-08-04,2,4,217,Tuesday,Tue,y,32,32,2020-08-03,20200803,8,8,August,Aug,3,2020,202008,2,1,2021,n,2019-08-04
20200805,2020-08-05,3,5,218,Wednesday,Wed,y,32,32,2020-08-03,20200803,8,8,August,Aug,3,2020,202008,2,1,2021,n,2019-08-05
20200806,2020-08-06,4,6,219,Thursday,Thu,y,32,32,2020-08-03,20200803,8,8,August,Aug,3,2020,202008,2,1,2021,n,2019-08-06
20200807,2020-08-07,5,7,220,Friday,Fri,y,32,32,2020-08-03,20200803,8,8,August,Aug,3,2020,202008,2,1,2021,n,2019-08-07
20200808,2020-08-08,6,8,221,Saturday,Sat,n,32,32,2020-08-03,20200803,8,8,August,Aug,3,2020,202008,2,1,2021,n,2019-08-08
20200809,2020-08-09,7,9,222,Sunday,Sun,n,32,32,2020-08-03,20200803,8,8,August,Aug,3,2020,202008,2,1,2021,n,2019-08-09
20200810,2020-08-10,1,10,223,Monday,Mon,y,33,33,2020-08-10,20200810,8,8,August,Aug,3,2020,202008,2,1,2021,n,2019-08-10
20200811,2020-08-11,2,11,224,Tuesday,Tue,y,33,33,2020-08-10,20200810,8,8,August,Aug,3,2020,202008,2,1,2021,n,2019-08-11
20200812,2020-08-12,3,12,225,Wednesday,Wed,y,33,33,2020-08-10,20200810,8,8,August,Aug,3,2020,202008,2,1,2021,n,2019-08-12
20200813,2020-08-13,4,13,226,Thursday,Thu,y,33,33,2020-08-10,20200810,8,8,August,Aug,3,2020,202008,2,1,2021,n,2019-08-13
20200814,2020-08-14,5,14,227,Friday,Fri,y,33,33,2020-08-10,20200810,8,8,August,Aug,3,2020,202008,2,1,2021,n,2019-08-14
20200815,2020-08-15,6,15,228,Saturday,Sat,n,33,33,2020-08-10,20200810,8,8,August,Aug,3,2020,202008,2,1,2021,n,2019-08-15
20200816,2020-08-16,7,16,229,Sunday,Sun,n,33,33,2020-08-10,20200810,8,8,August,Aug,3,2020,202008,2,1,2021,n,2019-08-16
20200817,2020-08-17,1,17,230,Monday,Mon,y,34,34,2020-08-17,20200817,8,8,August,Aug,3,2020,202008,2,1,2021,n,2019-08-17
20200818,2020-08-18,2,18,231,Tuesday,Tue,y,34,34,2020-08-17,20200817,8,8,August,Aug,3,2020,202008,2,1,2021,n,2019-08-18
20200819,2020-08-19,3,19,232,Wednesday,Wed,y,34,34,2020-08-17,20200817,8,8,August,Aug,3,2020,202008,2,1,2021,n,2019-08-19
20200820,2020-08-20,4,20,233,Thursday,Thu,y,34,34,2020-08-17,20200817,8,8,August,Aug,3,2020,202008,2,1,2021,n,2019-08-20
20200821,2020-08-21,5,21,234,Friday,Fri,y,34,34,2020-08-17,20200817,8,8,August,Aug,3,2020,202008,2,1,2021,n,2019-08-21
20200822,2020-08-22,6,22,235,Saturday,Sat,n,34,34,2020-08-17,20200817,8,8,August,Aug,3,2020,202008,2,1,2021,n,2019-08-22
20200823,2020-08-23,7,23,236,Sunday,Sun,n,34,34,2020-08-17,20200817,8,8,August,Aug,3,2020,202008,2,1,2021,n,2019-08-23
20200824,2020-08-24,1,24,237,Monday,Mon,y,35,35,2020-08-24,20200824,8,8,August,Aug,3,2020,202008,2,1,2021,n,2019-08-24
20200825,2020-08-25,2,25,238,Tuesday,Tue,y,35,35,2020-08-24,20200824,8,8,August,Aug,3,2020,202008,2,1,2021,n,2019-08-25
20200826,2020-08-26,3,26,239,Wednesday,Wed,y,35,35,2020-08-24,20200824,8,8,August,Aug,3,2020,202008,2,1,2021,n,2019-08-26
20200827,2020-08-27,4,27,240,Thursday,Thu,y,35,35,2020-08-24,20200824,8,8,August,Aug,3,2020,202008,2,1,2021,n,2019-08-27
20200828,2020-08-28,5,28,241,Friday,Fri,y,35,35,2020-08-24,20200824,8,8,August,Aug,3,2020,202008,2,1,2021,n,2019-08-28
20200829,2020-08-29,6,29,242,Saturday,Sat,n,35,35,2020-08-24,20200824,8,8,August,Aug,3,2020,202008,2,1,2021,n,2019-08-29
20200830,2020-08-30,7,30,243,Sunday,Sun,n,35,35,2020-08-24,20200824,8,8,August,Aug,3,2020,202008,2,1,2021,n,2019-08-30
20200831,2020-08-31,1,31,244,Monday,Mon,y,36,36,2020-08-31,20200831,8,8,August,Aug,3,2020,202008,2,1,2021,y,2019-08-31
20200901,2020-09-01,2,1,245,Tuesday,Tue,y,36,36,2020-08-31,20200831,9,9,September,Sep,3,2020,202009,3,1,2021,n,2019-09-01
20200902,2020-09-02,3,2,246,Wednesday,Wed,y,36,36,2020-08-31,20200831,9,9,September,Sep,3,2020,202009,3,1,2021,n,2019-09-02
20200903,2020-09-03,4,3,247,Thursday,Thu,y,36,36,2020-08-31,20200831,9,9,September,Sep,3,2020,202009,3,1,2021,n,2019-09-03
20200904,2020-09-04,5,4,248,Friday,Fri,y,36,36,2020-08-31,20200831,9,9,September,Sep,3,2020,202009,3,1,2021,n,2019-09-04
20200905,2020-09-05,6,5,249,Saturday,Sat,n,36,36,2020-08-31,20200831,9,9,September,Sep,3,2020,202009,3,1,2021,n,2019-09-05
20200906,2020-09-06,7,6,250,Sunday,Sun,n,36,36,2020-08-31,20200831,9,9,September,Sep,3,2020,202009,3,1,2021,n,2019-09-06
20200907,2020-09-07,1,7,251,Monday,Mon,y,37,37,2020-09-07,20200907,9,9,September,Sep,3,2020,202009,3,1,2021,n,2019-09-07
20200908,2020-09-08,2,8,252,Tuesday,Tue,y,37,37,2020-09-07,20200907,9,9,September,Sep,3,2020,202009,3,1,2021,n,2019-09-08
20200909,2020-09-09,3,9,253,Wednesday,Wed,y,37,37,2020-09-07,20200907,9,9,September,Sep,3,2020,202009,3,1,2021,n,2019-09-09
20200910,2020-09-10,4,10,254,Thursday,Thu,y,37,37,2020-09-07,20200907,9,9,September,Sep,3,2020,202009,3,1,2021,n,2019-09-10
20200911,2020-09-11,5,11,255,Friday,Fri,y,37,37,2020-09-07,20200907,9,9,September,Sep,3,2020,202009,3,1,2021,n,2019-09-11
20200912,2020-09-12,6,12,256,Saturday,Sat,n,37,37,2020-09-07,20200907,9,9,September,Sep,3,2020,202009,3,1,2021,n,2019-09-12
20200913,2020-09-13,7,13,257,Sunday,Sun,n,37,37,2020-09-07,20200907,9,9,September,Sep,3,2020,202009,3,1,2021,n,2019-09-13
20200914,2020-09-14,1,14,258,Monday,Mon,y,38,38,2020-09-14,20200914,9,9,September,Sep,3,2020,202009,3,1,2021,n,2019-09-14
20200915,2020-09-15,2,15,259,Tuesday,Tue,y,38,38,2020-09-14,20200914,9,9,September,Sep,3,2020,202009,3,1,2021,n,2019-09-15
20200916,2020-09-16,3,16,260,Wednesday,Wed,y,38,38,2020-09-14,20200914,9,9,September,Sep,3,2020,202009,3,1,2021,n,2019-09-16
20200917,2020-09-17,4,17,261,Thursday,Thu,y,38,38,2020-09-14,20200914,9,9,September,Sep,3,2020,202009,3,1,2021,n,2019-09-17
20200918,2020-09-18,5,18,262,Friday,Fri,y,38,38,2020-09-14,20200914,9,9,September,Sep,3,2020,202009,3,1,2021,n,2019-09-18
20200919,2020-09-19,6,19,263,Saturday,Sat,n,38,38,2020-09-14,20200914,9,9,September,Sep,3,2020,202009,3,1,2021,n,2019-09-19
20200920,2020-09-20,7,20,264,Sunday,Sun,n,38,38,2020-09-14,20200914,9,9,September,Sep,3,2020,202009,3,1,2021,n,2019-09-20
20200921,2020-09-21,1,21,265,Monday,Mon,y,39,39,2020-09-21,20200921,9,9,September,Sep,3,2020,202009,3,1,2021,n,2019-09-21
20200922,2020-09-22,2,22,266,Tuesday,Tue,y,39,39,2020-09-21,20200921,9,9,September,Sep,3,2020,202009,3,1,2021,n,2019-09-22
20200923,2020-09-23,3,23,267,Wednesday,Wed,y,39,39,2020-09-21,20200921,9,9,September,Sep,3,2020,202009,3,1,2021,n,2019-09-23
20200924,2020-09-24,4,24,268,Thursday,Thu,y,39,39,2020-09-21,20200921,9,9,September,Sep,3,2020,202009,3,1,2021,n,2019-09-24
20200925,2020-09-25,5,25,269,Friday,Fri,y,39,39,2020-09-21,20200921,9,9,September,Sep,3,2020,202009,3,1,2021,n,2019-09-25
20200926,2020-09-26,6,26,270,Saturday,Sat,n,39,39,2020-09-21,20200921,9,9,September,Sep,3,2020,202009,3,1,2021,n,2019-09-26
20200927,2020-09-27,7,27,271,Sunday,Sun,n,39,39,2020-09-21,20200921,9,9,September,Sep,3,2020,202009,3,1,2021,n,2019-09-27
20200928,2020-09-28,1,28,272,Monday,Mon,y,40,40,2020-09-28,20200928,9,9,September,Sep,3,2020,202009,3,1,2021,n,2019-09-28
20200929,2020-09-29,2,29,273,Tuesday,Tue,y,40,40,2020-09-28,20200928,9,9,September,Sep,3,2020,202009,3,1,2021,n,2019-09-29
20200930,2020-09-30,3,30,274,Wednesday,Wed,y,40,40,2020-09-28,20200928,9,9,September,Sep,3,2020,202009,3,1,2021,y,2019-09-30
20201001,2020-10-01,4,1,275,Thursday,Thu,y,40,40,2020-09-28,20200928,10,10,October,Oct,4,2020,202010,4,2,2021,n,2019-10-01
20201002,2020-10-02,5,2,276,Friday,Fri,y,40,40,2020-09-28,20200928,10,10,October,Oct,4,2020,202010,4,2,2021,n,2019-10-02
20201003,2020-10-03,6,3,277,Saturday,Sat,n,40,40,2020-09-28,20200928,10,10,October,Oct,4,2020,202010,4,2,2021,n,2019-10-03
20201004,2020-10-04,7,4,278,Sunday,Sun,n,40,40,2020-09-28,20200928,10,10,October,Oct,4,2020,202010,4,2,2021,n,2019-10-04
20201005,2020-10-05,1,5,279,Monday,Mon,y,41,41,2020-10-05,20201005,10,10,October,Oct,4,2020,202010,4,2,2021,n,2019-10-05
20201006,2020-10-06,2,6,280,Tuesday,Tue,y,41,41,2020-10-05,20201005,10,10,October,Oct,4,2020,202010,4,2,2021,n,2019-10-06
20201007,2020-10-07,3,7,281,Wednesday,Wed,y,41,41,2020-10-05,20201005,10,10,October,Oct,4,2020,202010,4,2,2021,n,2019-10-07
20201008,2020-10-08,4,8,282,Thursday,Thu,y,41,41,2020-10-05,20201005,10,10,October,Oct,4,2020,202010,4,2,2021,n,2019-10-08
20201009,2020-10-09,5,9,283,Friday,Fri,y,41,41,2020-10-05,20201005,10,10,October,Oct,4,2020,202010,4,2,2021,n,2019-10-09
20201010,2020-10-10,6,10,284,Saturday,Sat,n,41,41,2020-10-05,20201005,10,10,October,Oct,4,2020,202010,4,2,2021,n,2019-10-10
20201011,2020-10-11,7,11,285,Sunday,Sun,n,41,41,2020-10-05,20201005,10,10,October,Oct,4,2020,202010,4,2,2021,n,2019-10-11
20201012,2020-10-12,1,12,286,Monday,Mon,y,42,42,2020-10-12,20201012,10,10,October,Oct,4,2020,202010,4,2,2021,n,2019-10-12
20201013,2020-10-13,2,13,287,Tuesday,Tue,y,42,42,2020-10-12,20201012,10,10,October,Oct,4,2020,202010,4,2,2021,n,2019-10-13
20201014,2020-10-14,3,14,288,Wednesday,Wed,y,42,42,2020-10-12,20201012,10,10,October,Oct,4,2020,202010,4,2,2021,n,2019-10-14
20201015,2020-10-15,4,15,289,Thursday,Thu,y,42,42,2020-10-12,20201012,10,10,October,Oct,4,2020,202010,4,2,2021,n,2019-10-15
20201016,2020-10-16,5,16,290,Friday,Fri,y,42,42,2020-10-12,20201012,10,10,October,Oct,4,2020,202010,4,2,2021,n,2019-10-16
20201017,2020-10-17,6,17,291,Saturday,Sat,n,42,42,2020-10-12,20201012,10,10,October,Oct,4,2020,202010,4,2,2021,n,2019-10-17
20201018,2020-10-18,7,18,292,Sunday,Sun,n,42,42,2020-10-12,20201012,10,10,October,Oct,4,2020,202010,4,2,2021,n,2019-10-18
20201019,2020-10-19,1,19,293,Monday,Mon,y,43,43,2020-10-19,20201019,10,10,October,Oct,4,2020,202010,4,2,2021,n,2019-10-19
20201020,2020-10-20,2,20,294,Tuesday,Tue,y,43,43,2020-10-19,20201019,10,10,October,Oct,4,2020,202010,4,2,2021,n,2019-10-20
20201021,2020-10-21,3,21,295,Wednesday,Wed,y,43,43,2020-10-19,20201019,10,10,October,Oct,4,2020,202010,4,2,2021,n,2019-10-21
20201022,2020-10-22,4,22,296,Thursday,Thu,y,43,43,2020-10-19,20201019,10,10,October,Oct,4,2020,202010,4,2,2021,n,2019-10-22
20201023,2020-10-23,5,23,297,Friday,Fri,y,43,43,2020-10-19,20201019,10,10,October,Oct,4,2020,202010,4,2,2021,n,2019-10-23
20201024,2020-10-24,6,24,298,Saturday,Sat,n,43,43,2020-10-19,20201019,10,10,October,Oct,4,2020,202010,4,2,2021,n,2019-10-24
20201025,2020-10-25,7,25,299,Sunday,Sun,n,43,43,2020-10-19,20201019,10,10,October,Oct,4,2020,202010,4,2,2021,n,2019-10-25
20201026,2020-10-26,1,26,300,Monday,Mon,y,44,44,2020-10-26,20201026,10,10,October,Oct,4,2020,202010,4,2,2021,n,2019-10-26
20201027,2020-10-27,2,27,301,Tuesday,Tue,y,44,44,2020-10-26,20201026,10,10,October,Oct,4,2020,202010,4,2,2021,n,2019-10-27
20201028,2020-10-28,3,28,302,Wednesday,Wed,y,44,44,2020-10-26,20201026,10,10,October,Oct,4,2020,202010,4,2,2021,n,2019-10-28
20201029,2020-10-29,4,29,303,Thursday,Thu,y,44,44,2020-10-26,20201026,10,10,October,Oct,4,2020,202010,4,2,2021,n,2019-10-29
20201030,2020-10-30,5,30,304,Friday,Fri,y,44,44,2020-10-26,20201026,10,10,October,Oct,4,2020,202010,4,2,2021,n,2019-10-30
20201031,2020-10-31,6,31,305,Saturday,Sat,n,44,44,2020-10-26,20201026,10,10,October,Oct,4,2020,202010,4,2,2021,y,2019-10-31
20201101,2020-11-01,7,1,306,Sunday,Sun,n,44,44,2020-10-26,20201026,11,11,November,Nov,4,2020,202011,5,2,2021,n,2019-11-01
20201102,2020-11-02,1,2,307,Monday,Mon,y,45,45,2020-11-02,20201102,11,11,November,Nov,4,2020,202011,5,2,2021,n,2019-11-02
20201103,2020-11-03,2,3,308,Tuesday,Tue,y,45,45,2020-11-02,20201102,11,11,November,Nov,4,2020,202011,5,2,2021,n,2019-11-03
20201104,2020-11-04,3,4,309,Wednesday,Wed,y,45,45,2020-11-02,20201102,11,11,November,Nov,4,2020,202011,5,2,2021,n,2019-11-04
20201105,2020-11-05,4,5,310,Thursday,Thu,y,45,45,2020-11-02,20201102,11,11,November,Nov,4,2020,202011,5,2,2021,n,2019-11-05
20201106,2020-11-06,5,6,311,Friday,Fri,y,45,45,2020-11-02,20201102,11,11,November,Nov,4,2020,202011,5,2,2021,n,2019-11-06
20201107,2020-11-07,6,7,312,Saturday,Sat,n,45,45,2020-11-02,20201102,11,11,November,Nov,4,2020,202011,5,2,2021,n,2019-11-07
20201108,2020-11-08,7,8,313,Sunday,Sun,n,45,45,2020-11-02,20201102,11,11,November,Nov,4,2020,202011,5,2,2021,n,2019-11-08
20201109,2020-11-09,1,9,314,Monday,Mon,y,46,46,2020-11-09,20201109,11,11,November,Nov,4,2020,202011,5,2,2021,n,2019-11-09
20201110,2020-11-10,2,10,315,Tuesday,Tue,y,46,46,2020-11-09,20201109,11,11,November,Nov,4,2020,202011,5,2,2021,n,2019-11-10
20201111,2020-11-11,3,11,316,Wednesday,Wed,y,46,46,2020-11-09,20201109,11,11,November,Nov,4,2020,202011,5,2,2021,n,2019-11-11
20201112,2020-11-12,4,12,317,Thursday,Thu,y,46,46,2020-11-09,20201109,11,11,November,Nov,4,2020,202011,5,2,2021,n,2019-11-12
20201113,2020-11-13,5,13,318,Friday,Fri,y,46,46,2020-11-09,20201109,11,11,November,Nov,4,2020,202011,5,2,2021,n,2019-11-13
20201114,2020-11-14,6,14,319,Saturday,Sat,n,46,46,2020-11-09,20201109,11,11,November,Nov,4,2020,202011,5,2,2021,n,2019-11-14
20201115,2020-11-15,7,15,320,Sunday,Sun,n,46,46,2020-11-09,20201109,11,11,November,Nov,4,2020,202011,5,2,2021,n,2019-11-15
20201116,2020-11-16,1,16,321,Monday,Mon,y,47,47,2020-11-16,20201116,11,11,November,Nov,4,2020,202011,5,2,2021,n,2019-11-16
20201117,2020-11-17,2,17,322,Tuesday,Tue,y,47,47,2020-11-16,20201116,11,11,November,Nov,4,2020,202011,5,2,2021,n,2019-11-17
20201118,2020-11-18,3,18,323,Wednesday,Wed,y,47,47,2020-11-16,20201116,11,11,November,Nov,4,2020,202011,5,2,2021,n,2019-11-18
20201119,2020-11-19,4,19,324,Thursday,Thu,y,47,47,2020-11-16,20201116,11,11,November,Nov,4,2020,202011,5,2,2021,n,2019-11-19
20201120,2020-11-20,5,20,325,Friday,Fri,y,47,47,2020-11-16,20201116,11,11,November,Nov,4,2020,202011,5,2,2021,n,2019-11-20
20201121,2020-11-21,6,21,326,Saturday,Sat,n,47,47,2020-11-16,20201116,11,11,November,Nov,4,2020,202011,5,2,2021,n,2019-11-21
20201122,2020-11-22,7,22,327,Sunday,Sun,n,47,47,2020-11-16,20201116,11,11,November,Nov,4,2020,202011,5,2,2021,n,2019-11-22
20201123,2020-11-23,1,23,328,Monday,Mon,y,48,48,2020-11-23,20201123,11,11,November,Nov,4,2020,202011,5,2,2021,n,2019-11-23
20201124,2020-11-24,2,24,329,Tuesday,Tue,y,48,48,2020-11-23,20201123,11,11,November,Nov,4,2020,202011,5,2,2021,n,2019-11-24
20201125,2020-11-25,3,25,330,Wednesday,Wed,y,48,48,2020-11-23,20201123,11,11,November,Nov,4,2020,202011,5,2,2021,n,2019-11-25
20201126,2020-11-26,4,26,331,Thursday,Thu,y,48,48,2020-11-23,20201123,11,11,November,Nov,4,2020,202011,5,2,2021,n,2019-11-26
20201127,2020-11-27,5,27,332,Friday,Fri,y,48,48,2020-11-23,20201123,11,11,November,Nov,4,2020,202011,5,2,2021,n,2019-11-27
20201128,2020-11-28,6,28,333,Saturday,Sat,n,48,48,2020-11-23,20201123,11,11,November,Nov,4,2020,202011,5,2,2021,n,2019-11-28
20201129,2020-11-29,7,29,334,Sunday,Sun,n,48,48,2020-11-23,20201123,11,11,November,Nov,4,2020,202011,5,2,2021,n,2019-11-29
20201130,2020-11-30,1,30,335,Monday,Mon,y,49,49,2020-11-30,20201130,11,11,November,Nov,4,2020,202011,5,2,2021,y,2019-11-30
20201201,2020-12-01,2,1,336,Tuesday,Tue,y,49,49,2020-11-30,20201130,12,12,December,Dec,4,2020,202012,6,2,2021,n,2019-12-01
20201202,2020-12-02,3,2,337,Wednesday,Wed,y,49,49,2020-11-30,20201130,12,12,December,Dec,4,2020,202012,6,2,2021,n,2019-12-02
20201203,2020-12-03,4,3,338,Thursday,Thu,y,49,49,2020-11-30,20201130,12,12,December,Dec,4,2020,202012,6,2,2021,n,2019-12-03
20201204,2020-12-04,5,4,339,Friday,Fri,y,49,49,2020-11-30,20201130,12,12,December,Dec,4,2020,202012,6,2,2021,n,2019-12-04
20201205,2020-12-05,6,5,340,Saturday,Sat,n,49,49,2020-11-30,20201130,12,12,December,Dec,4,2020,202012,6,2,2021,n,2019-12-05
20201206,2020-12-06,7,6,341,Sunday,Sun,n,49,49,2020-11-30,20201130,12,12,December,Dec,4,2020,202012,6,2,2021,n,2019-12-06
20201207,2020-12-07,1,7,342,Monday,Mon,y,50,50,2020-12-07,20201207,12,12,December,Dec,4,2020,202012,6,2,2021,n,2019-12-07
20201208,2020-12-08,2,8,343,Tuesday,Tue,y,50,50,2020-12-07,20201207,12,12,December,Dec,4,2020,202012,6,2,2021,n,2019-12-08
20201209,2020-12-09,3,9,344,Wednesday,Wed,y,50,50,2020-12-07,20201207,12,12,December,Dec,4,2020,202012,6,2,2021,n,2019-12-09
20201210,2020-12-10,4,10,345,Thursday,Thu,y,50,50,2020-12-07,20201207,12,12,December,Dec,4,2020,202012,6,2,2021,n,2019-12-10
20201211,2020-12-11,5,11,346,Friday,Fri,y,50,50,2020-12-07,20201207,12,12,December,Dec,4,2020,202012,6,2,2021,n,2019-12-11
20201212,2020-12-12,6,12,347,Saturday,Sat,n,50,50,2020-12-07,20201207,12,12,December,Dec,4,2020,202012,6,2,2021,n,2019-12-12
20201213,2020-12-13,7,13,348,Sunday,Sun,n,50,50,2020-12-07,20201207,12,12,December,Dec,4,2020,202012,6,2,2021,n,2019-12-13
20201214,2020-12-14,1,14,349,Monday,Mon,y,51,51,2020-12-14,20201214,12,12,December,Dec,4,2020,202012,6,2,2021,n,2019-12-14
20201215,2020-12-15,2,15,350,Tuesday,Tue,y,51,51,2020-12-14,20201214,12,12,December,Dec,4,2020,202012,6,2,2021,n,2019-12-15
20201216,2020-12-16,3,16,351,Wednesday,Wed,y,51,51,2020-12-14,20201214,12,12,December,Dec,4,2020,202012,6,2,2021,n,2019-12-16
20201217,2020-12-17,4,17,352,Thursday,Thu,y,51,51,2020-12-14,20201214,12,12,December,Dec,4,2020,202012,6,2,2021,n,2019-12-17
20201218,2020-12-18,5,18,353,Friday,Fri,y,51,51,2020-12-14,20201214,12,12,December,Dec,4,2020,202012,6,2,2021,n,2019-12-18
20201219,2020-12-19,6,19,354,Saturday,Sat,n,51,51,2020-12-14,20201214,12,12,December,Dec,4,2020,202012,6,2,2021,n,2019-12-19
20201220,2020-12-20,7,20,355,Sunday,Sun,n,51,51,2020-12-14,20201214,12,12,December,Dec,4,2020,202012,6,2,2021,n,2019-12-20
20201221,2020-12-21,1,21,356,Monday,Mon,y,52,52,2020-12-21,20201221,12,12,December,Dec,4,2020,202012,6,2,2021,n,2019-12-21
20201222,2020-12-22,2,22,357,Tuesday,Tue,y,52,52,2020-12-21,20201221,12,12,December,Dec,4,2020,202012,6,2,2021,n,2019-12-22
20201223,2020-12-23,3,23,358,Wednesday,Wed,y,52,52,2020-12-21,20201221,12,12,December,Dec,4,2020,202012,6,2,2021,n,2019-12-23
20201224,2020-12-24,4,24,359,Thursday,Thu,y,52,52,2020-12-21,20201221,12,12,December,Dec,4,2020,202012,6,2,2021,n,2019-12-24
20201225,2020-12-25,5,25,360,Friday,Fri,y,52,52,2020-12-21,20201221,12,12,December,Dec,4,2020,202012,6,2,2021,n,2019-12-25
20201226,2020-12-26,6,26,361,Saturday,Sat,n,52,52,2020-12-21,20201221,12,12,December,Dec,4,2020,202012,6,2,2021,n,2019-12-26
20201227,2020-12-27,7,27,362,Sunday,Sun,n,52,52,2020-12-21,20201221,12,12,December,Dec,4,2020,202012,6,2,2021,n,2019-12-27
20201228,2020-12-28,1,28,363,Monday,Mon,y,53,53,2020-12-28,20201228,12,12,December,Dec,4,2020,202012,6,2,2021,n,2019-12-28
20201229,2020-12-29,2,29,364,Tuesday,Tue,y,53,53,2020-12-28,20201228,12,12,December,Dec,4,2020,202012,6,2,2021,n,2019-12-29
20201230,2020-12-30,3,30,365,Wednesday,Wed,y,53,53,2020-12-28,20201228,12,12,December,Dec,4,2020,202012,6,2,2021,n,2019-12-30
20201231,2020-12-31,4,31,366,Thursday,Thu,y,53,53,2020-12-28,20201228,12,12,December,Dec,4,2020,202012,6,2,2021,y,2019-12-31
20210101,2021-01-01,5,1,367,Friday,Fri,y,1,54,2020-12-28,20201228,1,13,January,Jan,1,2021,202101,7,3,2021,n,2020-01-01
20210102,2021-01-02,6,2,368,Saturday,Sat,n,1,54,2020-12-28,20201228,1,13,January,Jan,1,2021,202101,7,3,2021,n,2020-01-02
20210103,2021-01-03,7,3,369,Sunday,Sun,n,1,54,2020-12-28,20201228,1,13,January,Jan,1,2021,202101,7,3,2021,n,2020-01-03
20210104,2021-01-04,1,4,370,Monday,Mon,y,2,55,2021-01-04,20210104,1,13,January,Jan,1,2021,202101,7,3,2021,n,2020-01-04
20210105,2021-01-05,2,5,371,Tuesday,Tue,y,2,55,2021-01-04,20210104,1,13,January,Jan,1,2021,202101,7,3,2021,n,2020-01-05
20210106,2021-01-06,3,6,372,Wednesday,Wed,y,2,55,2021-01-04,20210104,1,13,January,Jan,1,2021,202101,7,3,2021,n,2020-01-06
20210107,2021-01-07,4,7,373,Thursday,Thu,y,2,55,2021-01-04,20210104,1,13,January,Jan,1,2021,202101,7,3,2021,n,2020-01-07
20210108,2021-01-08,5,8,374,Friday,Fri,y,2,55,2021-01-04,20210104,1,13,January,Jan,1,2021,202101,7,3,2021,n,2020-01-08
20210109,2021-01-09,6,9,375,Saturday,Sat,n,2,55,2021-01-04,20210104,1,13,January,Jan,1,2021,202101,7,3,2021,n,2020-01-09
20210110,2021-01-10,7,10,376,Sunday,Sun,n,2,55,2021-01-04,20210104,1,13,January,Jan,1,2021,202101,7,3,2021,n,2020-01-10
20210111,2021-01-11,1,11,377,Monday,Mon,y,3,56,2021-01-11,20210111,1,13,January,Jan,1,2021,202101,7,3,2021,n,2020-01-11
20210112,2021-01-12,2,12,378,Tuesday,Tue,y,3,56,2021-01-11,20210111,1,13,January,Jan,1,2021,202101,7,3,2021,n,2020-01-12
20210113,2021-01-13,3,13,379,Wednesday,Wed,y,3,56,2021-01-11,20210111,1,13,January,Jan,1,2021,202101,7,3,2021,n,2020-01-13
20210114,2021-01-14,4,14,380,Thursday,Thu,y,3,56,2021-01-11,20210111,1,13,January,Jan,1,2021,202101,7,3,2021,n,2020-01-14
20210115,2021-01-15,5,15,381,Friday,Fri,y,3,56,2021-01-11,20210111,1,13,January,Jan,1,2021,202101,7,3,2021,n,2020-01-15
20210116,2021-01-16,6,16,382,Saturday,Sat,n,3,56,2021-01-11,20210111,1,13,January,Jan,1,2021,202101,7,3,2021,n,2020-01-16
20210117,2021-01-17,7,17,383,Sunday,Sun,n,3,56,2021-01-11,20210111,1,13,January,Jan,1,2021,202101,7,3,2021,n,2020-01-17
20210118,2021-01-18,1,18,384,Monday,Mon,y,4,57,2021-01-18,20210118,1,13,January,Jan,1,2021,202101,7,3,2021,n,2020-01-18
20210119,2021-01-19,2,19,385,Tuesday,Tue,y,4,57,2021-01-18,20210118,1,13,January,Jan,1,2021,202101,7,3,2021,n,2020-01-19
20210120,2021-01-20,3,20,386,Wednesday,Wed,y,4,57,2021-01-18,20210118,1,13,January,Jan,1,2021,202101,7,3,2021,n,2020-01-20
20210121,2021-01-21,4,21,387,Thursday,Thu,y,4,57,2021-01-18,20210118,1,13,January,Jan,1,2021,202101,7,3,2021,n,2020-01-21
20210122,2021-01-22,5,22,388,Friday,Fri,y,4,57,2021-01-18,20210118,1,13,January,Jan,1,2021,202101,7,3,2021,n,2020-01-22
20210123,2021-01-23,6,23,389,Saturday,Sat,n,4,57,2021-01-18,20210118,1,13,January,Jan,1,2021,202101,7,3,2021,n,2020-01-23
20210124,2021-01-24,7,24,390,Sunday,Sun,n,4,57,2021-01-18,20210118,1,13,January,Jan,1,2021,202101,7,3,2021,n,2020-01-24
20210125,2021-01-25,1,25,391,Monday,Mon,y,5,58,2021-01-25,20210125,1,13,January,Jan,1,2021,202101,7,3,2021,n,2020-01-25
20210126,2021-01-26,2,26,392,Tuesday,Tue,y,5,58,2021-01-25,20210125,1,13,January,Jan,1,2021,202101,7,3,2021,n,2020-01-26
20210127,2021-01-27,3,27,393,Wednesday,Wed,y,5,58,2021-01-25,20210125,1,13,January,Jan,1,2021,202101,7,3,2021,n,2020-01-27
20210128,2021-01-28,4,28,394,Thursday,Thu,y,5,58,2021-01-25,20210125,1,13,January,Jan,1,2021,202101,7,3,2021,n,2020-01-28
20210129,2021-01-29,5,29,395,Friday,Fri,y,5,58,2021-01-25,20210125,1,13,January,Jan,1,2021,202101,7,3,2021,n,2020-01-29
20210130,2021-01-30,6,30,396,Saturday,Sat,n,5,58,2021-01-25,20210125,1,13,January,Jan,1,2021,202101,7,3,2021,n,2020-01-30
20210131,2021-01-31,7,31,397,Sunday,Sun,n,5,58,2021-01-25,20210125,1,13,January,Jan,1,2021,202101,7,3,2021,y,2020-01-31
20210201,2021-02-01,1,1,398,Monday,Mon,y,6,59,2021-02-01,20210201,2,14,February,Feb,1,2021,202102,8,3,2021,n,2020-02-01
20210202,2021-02-02,2,2,399,Tuesday,Tue,y,6,59,2021-02-01,20210201,2,14,February,Feb,1,2021,202102,8,3,2021,n,2020-02-02
20210203,2021-02-03,3,3,400,Wednesday,Wed,y,6,59,2021-02-01,20210201,2,14,February,Feb,1,2021,202102,8,3,2021,n,2020-02-03
20210204,2021-02-04,4,4,401,Thursday,Thu,y,6,59,2021-02-01,20210201,2,14,February,Feb,1,2021,202102,8,3,2021,n,2020-02-04
20210205,2021-02-05,5,5,402,Friday,Fri,y,6,59,2021-02-01,20210201,2,14,February,Feb,1,2021,202102,8,3,2021,n,2020-02-05
20210206,2021-02-06,6,6,403,Saturday,Sat,n,6,59,2021-02-01,20210201,2,14,February,Feb,1,2021,202102,8,3,2021,n,2020-02-06
20210207,2021-02-07,7,7,404,Sunday,Sun,n,6,59,2021-02-01,20210201,2,14,February,Feb,1,2021,202102,8,3,2021,n,2020-02-07
20210208,2021-02-08,1,8,405,Monday,Mon,y,7,60,2021-02-08,20210208,2,14,February,Feb,1,2021,202102,8,3,2021,n,2020-02-08
20210209,2021-02-09,2,9,406,Tuesday,Tue,y,7,60,2021-02-08,20210208,2,14,February,Feb,1,2021,202102,8,3,2021,n,2020-02-09
20210210,2021-02-10,3,10,407,Wednesday,Wed,y,7,60,2021-02-08,20210208,2,14,February,Feb,1,2021,202102,8,3,2021,n,2020-02-10
20210211,2021-02-11,4,11,408,Thursday,Thu,y,7,60,2021-02-08,20210208,2,14,February,Feb,1,2021,202102,8,3,2021,n,2020-02-11
20210212,2021-02-12,5,12,409,Friday,Fri,y,7,60,2021-02-08,20210208,2,14,February,Feb,1,2021,202102,8,3,2021,n,2020-02-12
20210213,2021-02-13,6,13,410,Saturday,Sat,n,7,60,2021-02-08,20210208,2,14,February,Feb,1,2021,202102,8,3,2021,n,2020-02-13
20210214,2021-02-14,7,14,411,Sunday,Sun,n,7,60,2021-02-08,20210208,2,14,February,Feb,1,2021,202102,8,3,2021,n,2020-02-14
20210215,2021-02-15,1,15,412,Monday,Mon,y,8,61,2021-02-15,20210215,2,14,February,Feb,1,2021,202102,8,3,2021,n,2020-02-15
20210216,2021-02-16,2,16,413,Tuesday,Tue,y,8,61,2021-02-15,20210215,2,14,February,Feb,1,2021,202102,8,3,2021,n,2020-02-16
20210217,2021-02-17,3,17,414,Wednesday,Wed,y,8,61,2021-02-15,20210215,2,14,February,Feb,1,2021,202102,8,3,2021,n,2020-02-17
20210218,2021-02-18,4,18,415,Thursday,Thu,y,8,61,2021-02-15,20210215,2,14,February,Feb,1,2021,202102,8,3,2021,n,2020-02-18
20210219,2021-02-19,5,19,416,Friday,Fri,y,8,61,2021-02-15,20210215,2,14,February,Feb,1,2021,202102,8,3,2021,n,2020-02-19
20210220,2021-02-20,6,20,417,Saturday,Sat,n,8,61,2021-02-15,20210215,2,14,February,Feb,1,2021,202102,8,3,2021,n,2020-02-20
20210221,2021-02-21,7,21,418,Sunday,Sun,n,8,61,2021-02-15,20210215,2,14,February,Feb,1,2021,202102,8,3,2021,n,2020-02-21
20210222,2021-02-22,1,22,419,Monday,Mon,y,9,62,2021-02-22,20210222,2,14,February,Feb,1,2021,202102,8,3,2021,n,2020-02-22
20210223,2021-02-23,2,23,420,Tuesday,Tue,y,9,62,2021-02-22,20210222,2,14,February,Feb,1,2021,202102,8,3,2021,n,2020-02-23
20210224,2021-02-24,3,24,421,Wednesday,Wed,y,9,62,2021-02-22,20210222,2,14,February,Feb,1,2021,202102,8,3,2021,n,2020-02-24
20210225,2021-02-25,4,25,422,Thursday,Thu,y,9,62,2021-02-22,20210222,2,14,February,Feb,1,2021,202102,8,3,2021,n,2020-02-25
20210226,2021-02-26,5,26,423,Friday,Fri,y,9,62,2021-02-22,20210222,2,14,February,Feb,1,2021,202102,8,3,2021,n,2020-02-26
20210227,2021-02-27,6,27,424,Saturday,Sat,n,9,62,2021-02-22,20210222,2,14,February,Feb,1,2021,202102,8,3,2021,n,2020-02-27
20210228,2021-02-28,7,28,425,Sunday,Sun,n,9,62,2021-02-22,20210222,2,14,February,Feb,1,2021,202102,8,3,2021,y,2020-02-28
20210301,2021-03-01,1,1,426,Monday,Mon,y,10,63,2021-03-01,20210301,3,15,March,Mar,1,2021,202103,9,3,2021,n,2020-03-01
20210302,2021-03-02,2,2,427,Tuesday,Tue,y,10,63,2021-03-01,20210301,3,15,March,Mar,1,2021,202103,9,3,2021,n,2020-03-02
20210303,2021-03-03,3,3,428,Wednesday,Wed,y,10,63,2021-03-01,20210301,3,15,March,Mar,1,2021,202103,9,3,2021,n,2020-03-03
20210304,2021-03-04,4,4,429,Thursday,Thu,y,10,63,2021-03-01,20210301,3,15,March,Mar,1,2021,202103,9,3,2021,n,2020-03-04
20210305,2021-03-05,5,5,430,Friday,Fri,y,10,63,2021-03-01,20210301,3,15,March,Mar,1,2021,202103,9,3,2021,n,2020-03-05
20210306,2021-03-06,6,6,431,Saturday,Sat,n,10,63,2021-03-01,20210301,3,15,March,Mar,1,2021,202103,9,3,2021,n,2020-03-06
20210307,2021-03-07,7,7,432,Sunday,Sun,n,10,63,2021-03-01,20210301,3,15,March,Mar,1,2021,202103,9,3,2021,n,2020-03-07
20210308,2021-03-08,1,8,433,Monday,Mon,y,11,64,2021-03-08,20210308,3,15,March,Mar,1,2021,202103,9,3,2021,n,2020-03-08
20210309,2021-03-09,2,9,434,Tuesday,Tue,y,11,64,2021-03-08,20210308,3,15,March,Mar,1,2021,202103,9,3,2021,n,2020-03-09
20210310,2021-03-10,3,10,435,Wednesday,Wed,y,11,64,2021-03-08,20210308,3,15,March,Mar,1,2021,202103,9,3,2021,n,2020-03-10
20210311,2021-03-11,4,11,436,Thursday,Thu,y,11,64,2021-03-08,20210308,3,15,March,Mar,1,2021,202103,9,3,2021,n,2020-03-11
20210312,2021-03-12,5,12,437,Friday,Fri,y,11,64,2021-03-08,20210308,3,15,March,Mar,1,2021,202103,9,3,2021,n,2020-03-12
20210313,2021-03-13,6,13,438,Saturday,Sat,n,11,64,2021-03-08,20210308,3,15,March,Mar,1,2021,202103,9,3,2021,n,2020-03-13
20210314,2021-03-14,7,14,439,Sunday,Sun,n,11,64,2021-03-08,20210308,3,15,March,Mar,1,2021,202103,9,3,2021,n,2020-03-14
20210315,2021-03-15,1,15,440,Monday,Mon,y,12,65,2021-03-15,20210315,3,15,March,Mar,1,2021,202103,9,3,2021,n,2020-03-15
20210316,2021-03-16,2,16,441,Tuesday,Tue,y,12,65,2021-03-15,20210315,3,15,March,Mar,1,2021,202103,9,3,2021,n,2020-03-16
20210317,2021-03-17,3,17,442,Wednesday,Wed,y,12,65,2021-03-15,20210315,3,15,March,Mar,1,2021,202103,9,3,2021,n,2020-03-17
20210318,2021-03-18,4,18,443,Thursday,Thu,y,12,65,2021-03-15,20210315,3,15,March,Mar,1,2021,202103,9,3,2021,n,2020-03-18
20210319,2021-03-19,5,19,444,Friday,Fri,y,12,65,2021-03-15,20210315,3,15,March,Mar,1,2021,202103,9,3,2021,n,2020-03-19
20210320,2021-03-20,6,20,445,Saturday,Sat,n,12,65,2021-03-15,20210315,3,15,March,Mar,1,2021,202103,9,3,2021,n,2020-03-20
20210321,2021-03-21,7,21,446,Sunday,Sun,n,12,65,2021-03-15,20210315,3,15,March,Mar,1,2021,202103,9,3,2021,n,2020-03-21
20210322,2021-03-22,1,22,447,Monday,Mon,y,13,66,2021-03-22,20210322,3,15,March,Mar,1,2021,202103,9,3,2021,n,2020-03-22
20210323,2021-03-23,2,23,448,Tuesday,Tue,y,13,66,2021-03-22,20210322,3,15,March,Mar,1,2021,202103,9,3,2021,n,2020-03-23
20210324,2021-03-24,3,24,449,Wednesday,Wed,y,13,66,2021-03-22,20210322,3,15,March,Mar,1,2021,202103,9,3,2021,n,2020-03-24
20210325,2021-03-25,4,25,450,Thursday,Thu,y,13,66,2021-03-22,20210322,3,15,March,Mar,1,2021,202103,9,3,2021,n,2020-03-25
20210326,2021-03-26,5,26,451,Friday,Fri,y,13,66,2021-03-22,20210322,3,15,March,Mar,1,2021,202103,9,3,2021,n,2020-03-26
20210327,2021-03-27,6,27,452,Saturday,Sat,n,13,66,2021-03-22,20210322,3,15,March,Mar,1,2021,202103,9,3,2021,n,2020-03-27
20210328,2021-03-28,7,28,453,Sunday,Sun,n,13,66,2021-03-22,20210322,3,15,March,Mar,1,2021,202103,9,3,2021,n,2020-03-28
20210329,2021-03-29,1,29,454,Monday,Mon,y,14,67,2021-03-29,20210329,3,15,March,Mar,1,2021,202103,9,3,2021,n,2020-03-29
20210330,2021-03-30,2,30,455,Tuesday,Tue,y,14,67,2021-03-29,20210329,3,15,March,Mar,1,2021,202103,9,3,2021,n,2020-03-30
20210331,2021-03-31,3,31,456,Wednesday,Wed,y,14,67,2021-03-29,20210329,3,15,March,Mar,1,2021,202103,9,3,2021,y,2020-03-31
20210401,2021-04-01,4,1,457,Thursday,Thu,y,14,67,2021-03-29,20210329,4,16,April,Apr,2,2021,202104,10,4,2021,n,2020-04-01
20210402,2021-04-02,5,2,458,Friday,Fri,y,14,67,2021-03-29,20210329,4,16,April,Apr,2,2021,202104,10,4,2021,n,2020-04-02
20210403,2021-04-03,6,3,459,Saturday,Sat,n,14,67,2021-03-29,20210329,4,16,April,Apr,2,2021,202104,10,4,2021,n,2020-04-03
20210404,2021-04-04,7,4,460,Sunday,Sun,n,14,67,2021-03-29,20210329,4,16,April,Apr,2,2021,202104,10,4,2021,n,2020-04-04
20210405,2021-04-05,1,5,461,Monday,Mon,y,15,68,2021-04-05,20210405,4,16,April,Apr,2,2021,202104,10,4,2021,n,2020-04-05
20210406,2021-04-06,2,6,462,Tuesday,Tue,y,15,68,2021-04-05,20210405,4,16,April,Apr,2,2021,202104,10,4,2021,n,2020-04-06
20210407,2021-04-07,3,7,463,Wednesday,Wed,y,15,68,2021-04-05,20210405,4,16,April,Apr,2,2021,202104,10,4,2021,n,2020-04-07
20210408,2021-04-08,4,8,464,Thursday,Thu,y,15,68,2021-04-05,20210405,4,16,April,Apr,2,2021,202104,10,4,2021,n,2020-04-08
20210409,2021-04-09,5,9,465,Friday,Fri,y,15,68,2021-04-05,20210405,4,16,April,Apr,2,2021,202104,10,4,2021,n,2020-04-09
20210410,2021-04-10,6,10,466,Saturday,Sat,n,15,68,2021-04-05,20210405,4,16,April,Apr,2,2021,202104,10,4,2021,n,2020-04-10
20210411,2021-04-11,7,11,467,Sunday,Sun,n,15,68,2021-04-05,20210405,4,16,April,Apr,2,2021,202104,10,4,2021,n,2020-04-11
20210412,2021-04-12,1,12,468,Monday,Mon,y,16,69,2021-04-12,20210412,4,16,April,Apr,2,2021,202104,10,4,2021,n,2020-04-12
20210413,2021-04-13,2,13,469,Tuesday,Tue,y,16,69,2021-04-12,20210412,4,16,April,Apr,2,2021,202104,10,4,2021,n,2020-04-13
20210414,2021-04-14,3,14,470,Wednesday,Wed,y,16,69,2021-04-12,20210412,4,16,April,Apr,2,2021,202104,10,4,2021,n,2020-04-14
20210415,2021-04-15,4,15,471,Thursday,Thu,y,16,69,2021-04-12,20210412,4,16,April,Apr,2,2021,202104,10,4,2021,n,2020-04-15
20210416,2021-04-16,5,16,472,Friday,Fri,y,16,69,2021-04-12,20210412,4,16,April,Apr,2,2021,202104,10,4,2021,n,2020-04-16
20210417,2021-04-17,6,17,473,Saturday,Sat,n,16,69,2021-04-12,20210412,4,16,April,Apr,2,2021,202104,10,4,2021,n,2020-04-17
20210418,2021-04-18,7,18,474,Sunday,Sun,n,16,69,2021-04-12,20210412,4,16,April,Apr,2,2021,202104,10,4,2021,n,2020-04-18
20210419,2021-04-19,1,19,475,Monday,Mon,y,17,70,2021-04-19,20210419,4,16,April,Apr,2,2021,202104,10,4,2021,n,2020-04-19
20210420,2021-04-20,2,20,476,Tuesday,Tue,y,17,70,2021-04-19,20210419,4,16,April,Apr,2,2021,202104,10,4,2021,n,2020-04-20
20210421,2021-04-21,3,21,477,Wednesday,Wed,y,17,70,2021-04-19,20210419,4,16,April,Apr,2,2021,202104,10,4,2021,n,2020-04-21
20210422,2021-04-22,4,22,478,Thursday,Thu,y,17,70,2021-04-19,20210419,4,16,April,Apr,2,2021,202104,10,4,2021,n,2020-04-22
20210423,2021-04-23,5,23,479,Friday,Fri,y,17,70,2021-04-19,20210419,4,16,April,Apr,2,2021,202104,10,4,2021,n,2020-04-23
20210424,2021-04-24,6,24,480,Saturday,Sat,n,17,70,2021-04-19,20210419,4,16,April,Apr,2,2021,202104,10,4,2021,n,2020-04-24
20210425,2021-04-25,7,25,481,Sunday,Sun,n,17,70,2021-04-19,20210419,4,16,April,Apr,2,2021,202104,10,4,2021,n,2020-04-25
20210426,2021-04-26,1,26,482,Monday,Mon,y,18,71,2021-04-26,20210426,4,16,April,Apr,2,2021,202104,10,4,2021,n,2020-04-26
20210427,2021-04-27,2,27,483,Tuesday,Tue,y,18,71,2021-04-26,20210426,4,16,April,Apr,2,2021,202104,10,4,2021,n,2020-04-27
20210428,2021-04-28,3,28,484,Wednesday,Wed,y,18,71,2021-04-26,20210426,4,16,April,Apr,2,2021,202104,10,4,2021,n,2020-04-28
20210429,2021-04-29,4,29,485,Thursday,Thu,y,18,71,2021-04-26,20210426,4,16,April,Apr,2,2021,202104,10,4,2021,n,2020-04-29
20210430,2021-04-30,5,30,486,Friday,Fri,y,18,71,2021-04-26,20210426,4,16,April,Apr,2,2021,202104,10,4,2021,y,2020-04-30
20210501,2021-05-01,6,1,487,Saturday,Sat,n,18,71,2021-04-26,20210426,5,17,May,May,2,2021,202105,11,4,2021,n,2020-05-01
20210502,2021-05-02,7,2,488,Sunday,Sun,n,18,71,2021-04-26,20210426,5,17,May,May,2,2021,202105,11,4,2021,n,2020-05-02
20210503,2021-05-03,1,3,489,Monday,Mon,y,19,72,2021-05-03,20210503,5,17,May,May,2,2021,202105,11,4,2021,n,2020-05-03
20210504,2021-05-04,2,4,490,Tuesday,Tue,y,19,72,2021-05-03,20210503,5,17,May,May,2,2021,202105,11,4,2021,n,2020-05-04
20210505,2021-05-05,3,5,491,Wednesday,Wed,y,19,72,2021-05-03,20210503,5,17,May,May,2,2021,202105,11,4,2021,n,2020-05-05
20210506,2021-05-06,4,6,492,Thursday,Thu,y,19,72,2021-05-03,20210503,5,17,May,May,2,2021,202105,11,4,2021,n,2020-05-06
20210507,2021-05-07,5,7,493,Friday,Fri,y,19,72,2021-05-03,20210503,5,17,May,May,2,2021,202105,11,4,2021,n,2020-05-07
20210508,2021-05-08,6,8,494,Saturday,Sat,n,19,72,2021-05-03,20210503,5,17,May,May,2,2021,202105,11,4,2021,n,2020-05-08
20210509,2021-05-09,7,9,495,Sunday,Sun,n,19,72,2021-05-03,20210503,5,17,May,May,2,2021,202105,11,4,2021,n,2020-05-09
20210510,2021-05-10,1,10,496,Monday,Mon,y,20,73,2021-05-10,20210510,5,17,May,May,2,2021,202105,11,4,2021,n,2020-05-10
20210511,2021-05-11,2,11,497,Tuesday,Tue,y,20,73,2021-05-10,20210510,5,17,May,May,2,2021,202105,11,4,2021,n,2020-05-11
20210512,2021-05-12,3,12,498,Wednesday,Wed,y,20,73,2021-05-10,20210510,5,17,May,May,2,2021,202105,11,4,2021,n,2020-05-12
20210513,2021-05-13,4,13,499,Thursday,Thu,y,20,73,2021-05-10,20210510,5,17,May,May,2,2021,202105,11,4,2021,n,2020-05-13
20210514,2021-05-14,5,14,500,Friday,Fri,y,20,73,2021-05-10,20210510,5,17,May,May,2,2021,202105,11,4,2021,n,2020-05-14
20210515,2021-05-15,6,15,501,Saturday,Sat,n,20,73,2021-05-10,20210510,5,17,May,May,2,2021,202105,11,4,2021,n,2020-05-15
20210516,2021-05-16,7,16,502,Sunday,Sun,n,20,73,2021-05-10,20210510,5,17,May,May,2,2021,202105,11,4,2021,n,2020-05-16
20210517,2021-05-17,1,17,503,Monday,Mon,y,21,74,2021-05-17,20210517,5,17,May,May,2,2021,202105,11,4,2021,n,2020-05-17
20210518,2021-05-18,2,18,504,Tuesday,Tue,y,21,74,2021-05-17,20210517,5,17,May,May,2,2021,202105,11,4,2021,n,2020-05-18
20210519,2021-05-19,3,19,505,Wednesday,Wed,y,21,74,2021-05-17,20210517,5,17,May,May,2,2021,202105,11,4,2021,n,2020-05-19
20210520,2021-05-20,4,20,506,Thursday,Thu,y,21,74,2021-05-17,20210517,5,17,May,May,2,2021,202105,11,4,2021,n,2020-05-20
20210521,2021-05-21,5,21,507,Friday,Fri,y,21,74,2021-05-17,20210517,5,17,May,May,2,2021,202105,11,4,2021,n,2020-05-21
20210522,2021-05-22,6,22,508,Saturday,Sat,n,21,74,2021-05-17,20210517,5,17,May,May,2,2021,202105,11,4,2021,n,2020-05-22
20210523,2021-05-23,7,23,509,Sunday,Sun,n,21,74,2021-05-17,20210517,5,17,May,May,2,2021,202105,11,4,2021,n,2020-05-23
20210524,2021-05-24,1,24,510,Monday,Mon,y,22,75,2021-05-24,20210524,5,17,May,May,2,2021,202105,11,4,2021,n,2020-05-24
20210525,2021-05-25,2,25,511,Tuesday,Tue,y,22,75,2021-05-24,20210524,5,17,May,May,2,2021,202105,11,4,2021,n,2020-05-25
20210526,2021-05-26,3,26,512,Wednesday,Wed,y,22,75,2021-05-24,20210524,5,17,May,May,2,2021,202105,11,4,2021,n,2020-05-26
20210527,2021-05-27,4,27,513,Thursday,Thu,y,22,75,2021-05-24,20210524,5,17,May,May,2,2021,202105,11,4,2021,n,2020-05-27
20210528,2021-05-28,5,28,514,Friday,Fri,y,22,75,2021-05-24,20210524,5,17,May,May,2,2021,202105,11,4,2021,n,2020-05-28
20210529,2021-05-29,6,29,515,Saturday,Sat,n,22,75,2021-05-24,20210524,5,17,May,May,2,2021,202105,11,4,2021,n,2020-05-29
20210530,2021-05-30,7,30,516,Sunday,Sun,n,22,75,2021-05-24,20210524,5,17,May,May,2,2021,202105,11,4,2021,n,2020-05-30
20210531,2021-05-31,1,31,517,Monday,Mon,y,23,76,2021-05-31,20210531,5,17,May,May,2,2021,202105,11,4,2021,y,2020-05-31
20210601,2021-06-01,2,1,518,Tuesday,Tue,y,23,76,2021-05-31,20210531,6,18,June,Jun,2,2021,202106,12,4,2021,n,2020-06-01
20210602,2021-06-02,3,2,519,Wednesday,Wed,y,23,76,2021-05-31,20210531,6,18,June,Jun,2,2021,202106,12,4,2021,n,2020-06-02
20210603,2021-06-03,4,3,520,Thursday,Thu,y,23,76,2021-05-31,20210531,6,18,June,Jun,2,2021,202106,12,4,2021,n,2020-06-03
20210604,2021-06-04,5,4,521,Friday,Fri,y,23,76,2021-05-31,20210531,6,18,June,Jun,2,2021,202106,12,4,2021,n,2020-06-04
20210605,2021-06-05,6,5,522,Saturday,Sat,n,23,76,2021-05-31,20210531,6,18,June,Jun,2,2021,202106,12,4,2021,n,2020-06-05
20210606,2021-06-06,7,6,523,Sunday,Sun,n,23,76,2021-05-31,20210531,6,18,June,Jun,2,2021,202106,12,4,2021,n,2020-06-06
20210607,2021-06-07,1,7,524,Monday,Mon,y,24,77,2021-06-07,20210607,6,18,June,Jun,2,2021,202106,12,4,2021,n,2020-06-07
20210608,2021-06-08,2,8,525,Tuesday,Tue,y,24,77,2021-06-07,20210607,6,18,June,Jun,2,2021,202106,12,4,2021,n,2020-06-08
20210609,2021-06-09,3,9,526,Wednesday,Wed,y,24,77,2021-06-07,20210607,6,18,June,Jun,2,2021,202106,12,4,2021,n,2020-06-09
20210610,2021-06-10,4,10,527,Thursday,Thu,y,24,77,2021-06-07,20210607,6,18,June,Jun,2,2021,202106,12,4,2021,n,2020-06-10
20210611,2021-06-11,5,11,528,Friday,Fri,y,24,77,2021-06-07,20210607,6,18,June,Jun,2,2021,202106,12,4,2021,n,2020-06-11
20210612,2021-06-12,6,12,529,Saturday,Sat,n,24,77,2021-06-07,20210607,6,18,June,Jun,2,2021,202106,12,4,2021,n,2020-06-12
20210613,2021-06-13,7,13,530,Sunday,Sun,n,24,77,2021-06-07,20210607,6,18,June,Jun,2,2021,202106,12,4,2021,n,2020-06-13
20210614,2021-06-14,1,14,531,Monday,Mon,y,25,78,2021-06-14,20210614,6,18,June,Jun,2,2021,202106,12,4,2021,n,2020-06-14
20210615,2021-06-15,2,15,532,Tuesday,Tue,y,25,78,2021-06-14,20210614,6,18,June,Jun,2,2021,202106,12,4,2021,n,2020-06-15
20210616,2021-06-16,3,16,533,Wednesday,Wed,y,25,78,2021-06-14,20210614,6,18,June,Jun,2,2021,202106,12,4,2021,n,2020-06-16
20210617,2021-06-17,4,17,534,Thursday,Thu,y,25,78,2021-06-14,20210614,6,18,June,Jun,2,2021,202106,12,4,2021,n,2020-06-17
20210618,2021-06-18,5,18,535,Friday,Fri,y,25,78,2021-06-14,20210614,6,18,June,Jun,2,2021,202106,12,4,2021,n,2020-06-18
20210619,2021-06-19,6,19,536,Saturday,Sat,n,25,78,2021-06-14,20210614,6,18,June,Jun,2,2021,202106,12,4,2021,n,2020-06-19
20210620,2021-06-20,7,20,537,Sunday,Sun,n,25,78,2021-06-14,20210614,6,18,June,Jun,2,2021,202106,12,4,2021,n,2020-06-20
20210621,2021-06-21,1,21,538,Monday,Mon,y,26,79,2021-06-21,20210621,6,18,June,Jun,2,2021,202106,12,4,2021,n,2020-06-21
20210622,2021-06-22,2,22,539,Tuesday,Tue,y,26,79,2021-06-21,20210621,6,18,June,Jun,2,2021,202106,12,4,2021,n,2020-06-22
20210623,2021-06-23,3,23,540,Wednesday,Wed,y,26,79,2021-06-21,20210621,6,18,June,Jun,2,2021,202106,12,4,2021,n,2020-06-23
20210624,2021-06-24,4,24,541,Thursday,Thu,y,26,79,2021-06-21,20210621,6,18,June,Jun,2,2021,202106,12,4,2021,n,2020-06-24
20210625,2021-06-25,5,25,542,Friday,Fri,y,26,79,2021-06-21,20210621,6,18,June,Jun,2,2021,202106,12,4,2021,n,2020-06-25
20210626,2021-06-26,6,26,543,Saturday,Sat,n,26,79,2021-06-21,20210621,6,18,June,Jun,2,2021,202106,12,4,2021,n,2020-06-26
20210627,2021-06-27,7,27,544,Sunday,Sun,n,26,79,2021-06-21,20210621,6,18,June,Jun,2,2021,202106,12,4,2021,n,2020-06-27
20210628,2021-06-28,1,28,545,Monday,Mon,y,27,80,2021-06-28,20210628,6,18,June,Jun,2,2021,202106,12,4,2021,n,2020-06-28
20210629,2021-06-29,2,29,546,Tuesday,Tue,y,27,80,2021-06-28,20210628,6,18,June,Jun,2,2021,202106,12,4,2021,n,2020-06-29
20210630,2021-06-30,3,30,547,Wednesday,Wed,y,27,80,2021-06-28,20210628,6,18,June,Jun,2,2021,202106,12,4,2021,y,2020-06-30
20210701,2021-07-01,4,1,548,Thursday,Thu,y,27,80,2021-06-28,20210628,7,19,July,Jul,3,2021,202107,1,1,2022,n,2020-07-01
20210702,2021-07-02,5,2,549,Friday,Fri,y,27,80,2021-06-28,20210628,7,19,July,Jul,3,2021,202107,1,1,2022,n,2020-07-02
20210703,2021-07-03,6,3,550,Saturday,Sat,n,27,80,2021-06-28,20210628,7,19,July,Jul,3,2021,202107,1,1,2022,n,2020-07-03
20210704,2021-07-04,7,4,551,Sunday,Sun,n,27,80,2021-06-28,20210628,7,19,July,Jul,3,2021,202107,1,1,2022,n,2020-07-04
20210705,2021-07-05,1,5,552,Monday,Mon,y,28,81,2021-07-05,20210705,7,19,July,Jul,3,2021,202107,1,1,2022,n,2020-07-05
20210706,2021-07-06,2,6,553,Tuesday,Tue,y,28,81,2021-07-05,20210705,7,19,July,Jul,3,2021,202107,1,1,2022,n,2020-07-06
20210707,2021-07-07,3,7,554,Wednesday,Wed,y,28,81,2021-07-05,20210705,7,19,July,Jul,3,2021,202107,1,1,2022,n,2020-07-07
20210708,2021-07-08,4,8,555,Thursday,Thu,y,28,81,2021-07-05,20210705,7,19,July,Jul,3,2021,202107,1,1,2022,n,2020-07-08
20210709,2021-07-09,5,9,556,Friday,Fri,y,28,81,2021-07-05,20210705,7,19,July,Jul,3,2021,202107,1,1,2022,n,2020-07-09
20210710,2021-07-10,6,10,557,Saturday,Sat,n,28,81,2021-07-05,20210705,7,19,July,Jul,3,2021,202107,1,1,2022,n,2020-07-10
20210711,2021-07-11,7,11,558,Sunday,Sun,n,28,81,2021-07-05,20210705,7,19,July,Jul,3,2021,202107,1,1,2022,n,2020-07-11
20210712,2021-07-12,1,12,559,Monday,Mon,y,29,82,2021-07-12,20210712,7,19,July,Jul,3,2021,202107,1,1,2022,n,2020-07-12
20210713,2021-07-13,2,13,560,Tuesday,Tue,y,29,82,2021-07-12,20210712,7,19,July,Jul,3,2021,202107,1,1,2022,n,2020-07-13
20210714,2021-07-14,3,14,561,Wednesday,Wed,y,29,82,2021-07-12,20210712,7,19,July,Jul,3,2021,202107,1,1,2022,n,2020-07-14
20210715,2021-07-15,4,15,562,Thursday,Thu,y,29,82,2021-07-12,20210712,7,19,July,Jul,3,2021,202107,1,1,2022,n,2020-07-15
20210716,2021-07-16,5,16,563,Friday,Fri,y,29,82,2021-07-12,20210712,7,19,July,Jul,3,2021,202107,1,1,2022,n,2020-07-16
20210717,2021-07-17,6,17,564,Saturday,Sat,n,29,82,2021-07-12,20210712,7,19,July,Jul,3,2021,202107,1,1,2022,n,2020-07-17
20210718,2021-07-18,7,18,565,Sunday,Sun,n,29,82,2021-07-12,20210712,7,19,July,Jul,3,2021,202107,1,1,2022,n,2020-07-18
20210719,2021-07-19,1,19,566,Monday,Mon,y,30,83,2021-07-19,20210719,7,19,July,Jul,3,2021,202107,1,1,2022,n,2020-07-19
20210720,2021-07-20,2,20,567,Tuesday,Tue,y,30,83,2021-07-19,20210719,7,19,July,Jul,3,2021,202107,1,1,2022,n,2020-07-20
20210721,2021-07-21,3,21,568,Wednesday,Wed,y,30,83,2021-07-19,20210719,7,19,July,Jul,3,2021,202107,1,1,2022,n,2020-07-21
20210722,2021-07-22,4,22,569,Thursday,Thu,y,30,83,2021-07-19,20210719,7,19,July,Jul,3,2021,202107,1,1,2022,n,2020-07-22
20210723,2021-07-23,5,23,570,Friday,Fri,y,30,83,2021-07-19,20210719,7,19,July,Jul,3,2021,202107,1,1,2022,n,2020-07-23
20210724,2021-07-24,6,24,571,Saturday,Sat,n,30,83,2021-07-19,20210719,7,19,July,Jul,3,2021,202107,1,1,2022,n,2020-07-24
20210725,2021-07-25,7,25,572,Sunday,Sun,n,30,83,2021-07-19,20210719,7,19,July,Jul,3,2021,202107,1,1,2022,n,2020-07-25
20210726,2021-07-26,1,26,573,Monday,Mon,y,31,84,2021-07-26,20210726,7,19,July,Jul,3,2021,202107,1,1,2022,n,2020-07-26
20210727,2021-07-27,2,27,574,Tuesday,Tue,y,31,84,2021-07-26,20210726,7,19,July,Jul,3,2021,202107,1,1,2022,n,2020-07-27
20210728,2021-07-28,3,28,575,Wednesday,Wed,y,31,84,2021-07-26,20210726,7,19,July,Jul,3,2021,202107,1,1,2022,n,2020-07-28
20210729,2021-07-29,4,29,576,Thursday,Thu,y,31,84,2021-07-26,20210726,7,19,July,Jul,3,2021,202107,1,1,2022,n,2020-07-29
20210730,2021-07-30,5,30,577,Friday,Fri,y,31,84,2021-07-26,20210726,7,19,July,Jul,3,2021,202107,1,1,2022,n,2020-07-30
20210731,2021-07-31,6,31,578,Saturday,Sat,n,31,84,2021-07-26,20210726,7,19,July,Jul,3,2021,202107,1,1,2022,y,2020-07-31
20210801,2021-08-01,7,1,579,Sunday,Sun,n,31,84,2021-07-26,20210726,8,20,August,Aug,3,2021,202108,2,1,2022,n,2020-08-01
20210802,2021-08-02,1,2,580,Monday,Mon,y,32,85,2021-08-02,20210802,8,20,August,Aug,3,2021,202108,2,1,2022,n,2020-08-02
20210803,2021-08-03,2,3,581,Tuesday,Tue,y,32,85,2021-08-02,20210802,8,20,August,Aug,3,2021,202108,2,1,2022,n,2020-08-03
20210804,2021-08-04,3,4,582,Wednesday,Wed,y,32,85,2021-08-02,20210802,8,20,August,Aug,3,2021,202108,2,1,2022,n,2020-08-04
20210805,2021-08-05,4,5,583,Thursday,Thu,y,32,85,2021-08-02,20210802,8,20,August,Aug,3,2021,202108,2,1,2022,n,2020-08-05
20210806,2021-08-06,5,6,584,Friday,Fri,y,32,85,2021-08-02,20210802,8,20,August,Aug,3,2021,202108,2,1,2022,n,2020-08-06
20210807,2021-08-07,6,7,585,Saturday,Sat,n,32,85,2021-08-02,20210802,8,20,August,Aug,3,2021,202108,2,1,2022,n,2020-08-07
20210808,2021-08-08,7,8,586,Sunday,Sun,n,32,85,2021-08-02,20210802,8,20,August,Aug,3,2021,202108,2,1,2022,n,2020-08-08
20210809,2021-08-09,1,9,587,Monday,Mon,y,33,86,2021-08-09,20210809,8,20,August,Aug,3,2021,202108,2,1,2022,n,2020-08-09
20210810,2021-08-10,2,10,588,Tuesday,Tue,y,33,86,2021-08-09,20210809,8,20,August,Aug,3,2021,202108,2,1,2022,n,2020-08-10
20210811,2021-08-11,3,11,589,Wednesday,Wed,y,33,86,2021-08-09,20210809,8,20,August,Aug,3,2021,202108,2,1,2022,n,2020-08-11
20210812,2021-08-12,4,12,590,Thursday,Thu,y,33,86,2021-08-09,20210809,8,20,August,Aug,3,2021,202108,2,1,2022,n,2020-08-12
20210813,2021-08-13,5,13,591,Friday,Fri,y,33,86,2021-08-09,20210809,8,20,August,Aug,3,2021,202108,2,1,2022,n,2020-08-13
20210814,2021-08-14,6,14,592,Saturday,Sat,n,33,86,2021-08-09,20210809,8,20,August,Aug,3,2021,202108,2,1,2022,n,2020-08-14
20210815,2021-08-15,7,15,593,Sunday,Sun,n,33,86,2021-08-09,20210809,8,20,August,Aug,3,2021,202108,2,1,2022,n,2020-08-15
20210816,2021-08-16,1,16,594,Monday,Mon,y,34,87,2021-08-16,20210816,8,20,August,Aug,3,2021,202108,2,1,2022,n,2020-08-16
20210817,2021-08-17,2,17,595,Tuesday,Tue,y,34,87,2021-08-16,20210816,8,20,August,Aug,3,2021,202108,2,1,2022,n,2020-08-17
20210818,2021-08-18,3,18,596,Wednesday,Wed,y,34,87,2021-08-16,20210816,8,20,August,Aug,3,2021,202108,2,1,2022,n,2020-08-18
20210819,2021-08-19,4,19,597,Thursday,Thu,y,34,87,2021-08-16,20210816,8,20,August,Aug,3,2021,202108,2,1,2022,n,2020-08-19
20210820,2021-08-20,5,20,598,Friday,Fri,y,34,87,2021-08-16,20210816,8,20,August,Aug,3,2021,202108,2,1,2022,n,2020-08-20
20210821,2021-08-21,6,21,599,Saturday,Sat,n,34,87,2021-08-16,20210816,8,20,August,Aug,3,2021,202108,2,1,2022,n,2020-08-21
20210822,2021-08-22,7,22,600,Sunday,Sun,n,34,87,2021-08-16,20210816,8,20,August,Aug,3,2021,202108,2,1,2022,n,2020-08-22
20210823,2021-08-23,1,23,601,Monday,Mon,y,35,88,2021-08-23,20210823,8,20,August,Aug,3,2021,202108,2,1,2022,n,2020-08-23
20210824,2021-08-24,2,24,602,Tuesday,Tue,y,35,88,2021-08-23,20210823,8,20,August,Aug,3,2021,202108,2,1,2022,n,2020-08-24
20210825,2021-08-25,3,25,603,Wednesday,Wed,y,35,88,2021-08-23,20210823,8,20,August,Aug,3,2021,202108,2,1,2022,n,2020-08-25
20210826,2021-08-26,4,26,604,Thursday,Thu,y,35,88,2021-08-23,20210823,8,20,August,Aug,3,2021,202108,2,1,2022,n,2020-08-26
20210827,2021-08-27,5,27,605,Friday,Fri,y,35,88,2021-08-23,20210823,8,20,August,Aug,3,2021,202108,2,1,2022,n,2020-08-27
20210828,2021-08-28,6,28,606,Saturday,Sat,n,35,88,2021-08-23,20210823,8,20,August,Aug,3,2021,202108,2,1,2022,n,2020-08-28
20210829,2021-08-29,7,29,607,Sunday,Sun,n,35,88,2021-08-23,20210823,8,20,August,Aug,3,2021,202108,2,1,2022,n,2020-08-29
20210830,2021-08-30,1,30,608,Monday,Mon,y,36,89,2021-08-30,20210830,8,20,August,Aug,3,2021,202108,2,1,2022,n,2020-08-30
20210831,2021-08-31,2,31,609,Tuesday,Tue,y,36,89,2021-08-30,20210830,8,20,August,Aug,3,2021,202108,2,1,2022,y,2020-08-31
20210901,2021-09-01,3,1,610,Wednesday,Wed,y,36,89,2021-08-30,20210830,9,21,September,Sep,3,2021,202109,3,1,2022,n,2020-09-01
20210902,2021-09-02,4,2,611,Thursday,Thu,y,36,89,2021-08-30,20210830,9,21,September,Sep,3,2021,202109,3,1,2022,n,2020-09-02
20210903,2021-09-03,5,3,612,Friday,Fri,y,36,89,2021-08-30,20210830,9,21,September,Sep,3,2021,202109,3,1,2022,n,2020-09-03
20210904,2021-09-04,6,4,613,Saturday,Sat,n,36,89,2021-08-30,20210830,9,21,September,Sep,3,2021,202109,3,1,2022,n,2020-09-04
20210905,2021-09-05,7,5,614,Sunday,Sun,n,36,89,2021-08-30,20210830,9,21,September,Sep,3,2021,202109,3,1,2022,n,2020-09-05
20210906,2021-09-06,1,6,615,Monday,Mon,y,37,90,2021-09-06,20210906,9,21,September,Sep,3,2021,202109,3,1,2022,n,2020-09-06
20210907,2021-09-07,2,7,616,Tuesday,Tue,y,37,90,2021-09-06,20210906,9,21,September,Sep,3,2021,202109,3,1,2022,n,2020-09-07
20210908,2021-09-08,3,8,617,Wednesday,Wed,y,37,90,2021-09-06,20210906,9,21,September,Sep,3,2021,202109,3,1,2022,n,2020-09-08
20210909,2021-09-09,4,9,618,Thursday,Thu,y,37,90,2021-09-06,20210906,9,21,September,Sep,3,2021,202109,3,1,2022,n,2020-09-09
20210910,2021-09-10,5,10,619,Friday,Fri,y,37,90,2021-09-06,20210906,9,21,September,Sep,3,2021,202109,3,1,2022,n,2020-09-10
20210911,2021-09-11,6,11,620,Saturday,Sat,n,37,90,2021-09-06,20210906,9,21,September,Sep,3,2021,202109,3,1,2022,n,2020-09-11
20210912,2021-09-12,7,12,621,Sunday,Sun,n,37,90,2021-09-06,20210906,9,21,September,Sep,3,2021,202109,3,1,2022,n,2020-09-12
20210913,2021-09-13,1,13,622,Monday,Mon,y,38,91,2021-09-13,20210913,9,21,September,Sep,3,2021,202109,3,1,2022,n,2020-09-13
20210914,2021-09-14,2,14,623,Tuesday,Tue,y,38,91,2021-09-13,20210913,9,21,September,Sep,3,2021,202109,3,1,2022,n,2020-09-14
20210915,2021-09-15,3,15,624,Wednesday,Wed,y,38,91,2021-09-13,20210913,9,21,September,Sep,3,2021,202109,3,1,2022,n,2020-09-15
20210916,2021-09-16,4,16,625,Thursday,Thu,y,38,91,2021-09-13,20210913,9,21,September,Sep,3,2021,202109,3,1,2022,n,2020-09-16
20210917,2021-09-17,5,17,626,Friday,Fri,y,38,91,2021-09-13,20210913,9,21,September,Sep,3,2021,202109,3,1,2022,n,2020-09-17
20210918,2021-09-18,6,18,627,Saturday,Sat,n,38,91,2021-09-13,20210913,9,21,September,Sep,3,2021,202109,3,1,2022,n,2020-09-18
20210919,2021-09-19,7,19,628,Sunday,Sun,n,38,91,2021-09-13,20210913,9,21,September,Sep,3,2021,202109,3,1,2022,n,2020-09-19
20210920,2021-09-20,1,20,629,Monday,Mon,y,39,92,2021-09-20,20210920,9,21,September,Sep,3,2021,202109,3,1,2022,n,2020-09-20
20210921,2021-09-21,2,21,630,Tuesday,Tue,y,39,92,2021-09-20,20210920,9,21,September,Sep,3,2021,202109,3,1,2022,n,2020-09-21
20210922,2021-09-22,3,22,631,Wednesday,Wed,y,39,92,2021-09-20,20210920,9,21,September,Sep,3,2021,202109,3,1,2022,n,2020-09-22
20210923,2021-09-23,4,23,632,Thursday,Thu,y,39,92,2021-09-20,20210920,9,21,September,Sep,3,2021,202109,3,1,2022,n,2020-09-23
20210924,2021-09-24,5,24,633,Friday,Fri,y,39,92,2021-09-20,20210920,9,21,September,Sep,3,2021,202109,3,1,2022,n,2020-09-24
20210925,2021-09-25,6,25,634,Saturday,Sat,n,39,92,2021-09-20,20210920,9,21,September,Sep,3,2021,202109,3,1,2022,n,2020-09-25
20210926,2021-09-26,7,26,635,Sunday,Sun,n,39,92,2021-09-20,20210920,9,21,September,Sep,3,2021,202109,3,1,2022,n,2020-09-26
20210927,2021-09-27,1,27,636,Monday,Mon,y,40,93,2021-09-27,20210927,9,21,September,Sep,3,2021,202109,3,1,2022,n,2020-09-27
20210928,2021-09-28,2,28,637,Tuesday,Tue,y,40,93,2021-09-27,20210927,9,21,September,Sep,3,2021,202109,3,1,2022,n,2020-09-28
20210929,2021-09-29,3,29,638,Wednesday,Wed,y,40,93,2021-09-27,20210927,9,21,September,Sep,3,2021,202109,3,1,2022,n,2020-09-29
20210930,2021-09-30,4,30,639,Thursday,Thu,y,40,93,2021-09-27,20210927,9,21,September,Sep,3,2021,202109,3,1,2022,y,2020-09-30
20211001,2021-10-01,5,1,640,Friday,Fri,y,40,93,2021-09-27,20210927,10,22,October,Oct,4,2021,202110,4,2,2022,n,2020-10-01
20211002,2021-10-02,6,2,641,Saturday,Sat,n,40,93,2021-09-27,20210927,10,22,October,Oct,4,2021,202110,4,2,2022,n,2020-10-02
20211003,2021-10-03,7,3,642,Sunday,Sun,n,40,93,2021-09-27,20210927,10,22,October,Oct,4,2021,202110,4,2,2022,n,2020-10-03
20211004,2021-10-04,1,4,643,Monday,Mon,y,41,94,2021-10-04,20211004,10,22,October,Oct,4,2021,202110,4,2,2022,n,2020-10-04
20211005,2021-10-05,2,5,644,Tuesday,Tue,y,41,94,2021-10-04,20211004,10,22,October,Oct,4,2021,202110,4,2,2022,n,2020-10-05
20211006,2021-10-06,3,6,645,Wednesday,Wed,y,41,94,2021-10-04,20211004,10,22,October,Oct,4,2021,202110,4,2,2022,n,2020-10-06
20211007,2021-10-07,4,7,646,Thursday,Thu,y,41,94,2021-10-04,20211004,10,22,October,Oct,4,2021,202110,4,2,2022,n,2020-10-07
20211008,2021-10-08,5,8,647,Friday,Fri,y,41,94,2021-10-04,20211004,10,22,October,Oct,4,2021,202110,4,2,2022,n,2020-10-08
20211009,2021-10-09,6,9,648,Saturday,Sat,n,41,94,2021-10-04,20211004,10,22,October,Oct,4,2021,202110,4,2,2022,n,2020-10-09
20211010,2021-10-10,7,10,649,Sunday,Sun,n,41,94,2021-10-04,20211004,10,22,October,Oct,4,2021,202110,4,2,2022,n,2020-10-10
20211011,2021-10-11,1,11,650,Monday,Mon,y,42,95,2021-10-11,20211011,10,22,October,Oct,4,2021,202110,4,2,2022,n,2020-10-11
20211012,2021-10-12,2,12,651,Tuesday,Tue,y,42,95,2021-10-11,20211011,10,22,October,Oct,4,2021,202110,4,2,2022,n,2020-10-12
20211013,2021-10-13,3,13,652,Wednesday,Wed,y,42,95,2021-10-11,20211011,10,22,October,Oct,4,2021,202110,4,2,2022,n,2020-10-13
20211014,2021-10-14,4,14,653,Thursday,Thu,y,42,95,2021-10-11,20211011,10,22,October,Oct,4,2021,202110,4,2,2022,n,2020-10-14
20211015,2021-10-15,5,15,654,Friday,Fri,y,42,95,2021-10-11,20211011,10,22,October,Oct,4,2021,202110,4,2,2022,n,2020-10-15
20211016,2021-10-16,6,16,655,Saturday,Sat,n,42,95,2021-10-11,20211011,10,22,October,Oct,4,2021,202110,4,2,2022,n,2020-10-16
20211017,2021-10-17,7,17,656,Sunday,Sun,n,42,95,2021-10-11,20211011,10,22,October,Oct,4,2021,202110,4,2,2022,n,2020-10-17
20211018,2021-10-18,1,18,657,Monday,Mon,y,43,96,2021-10-18,20211018,10,22,October,Oct,4,2021,202110,4,2,2022,n,2020-10-18
20211019,2021-10-19,2,19,658,Tuesday,Tue,y,43,96,2021-10-18,20211018,10,22,October,Oct,4,2021,202110,4,2,2022,n,2020-10-19
20211020,2021-10-20,3,20,659,Wednesday,Wed,y,43,96,2021-10-18,20211018,10,22,October,Oct,4,2021,202110,4,2,2022,n,2020-10-20
20211021,2021-10-21,4,21,660,Thursday,Thu,y,43,96,2021-10-18,20211018,10,22,October,Oct,4,2021,202110,4,2,2022,n,2020-10-21
20211022,2021-10-22,5,22,661,Friday,Fri,y,43,96,2021-10-18,20211018,10,22,October,Oct,4,2021,202110,4,2,2022,n,2020-10-22
20211023,2021-10-23,6,23,662,Saturday,Sat,n,43,96,2021-10-18,20211018,10,22,October,Oct,4,2021,202110,4,2,2022,n,2020-10-23
20211024,2021-10-24,7,24,663,Sunday,Sun,n,43,96,2021-10-18,20211018,10,22,October,Oct,4,2021,202110,4,2,2022,n,2020-10-24
20211025,2021-10-25,1,25,664,Monday,Mon,y,44,97,2021-10-25,20211025,10,22,October,Oct,4,2021,202110,4,2,2022,n,2020-10-25
20211026,2021-10-26,2,26,665,Tuesday,Tue,y,44,97,2021-10-25,20211025,10,22,October,Oct,4,2021,202110,4,2,2022,n,2020-10-26
20211027,2021-10-27,3,27,666,Wednesday,Wed,y,44,97,2021-10-25,20211025,10,22,October,Oct,4,2021,202110,4,2,2022,n,2020-10-27
20211028,2021-10-28,4,28,667,Thursday,Thu,y,44,97,2021-10-25,20211025,10,22,October,Oct,4,2021,202110,4,2,2022,n,2020-10-28
20211029,2021-10-29,5,29,668,Friday,Fri,y,44,97,2021-10-25,20211025,10,22,October,Oct,4,2021,202110,4,2,2022,n,2020-10-29
20211030,2021-10-30,6,30,669,Saturday,Sat,n,44,97,2021-10-25,20211025,10,22,October,Oct,4,2021,202110,4,2,2022,n,2020-10-30
20211031,2021-10-31,7,31,670,Sunday,Sun,n,44,97,2021-10-25,20211025,10,22,October,Oct,4,2021,202110,4,2,2022,y,2020-10-31
20211101,2021-11-01,1,1,671,Monday,Mon,y,45,98,2021-11-01,20211101,11,23,November,Nov,4,2021,202111,5,2,2022,n,2020-11-01
20211102,2021-11-02,2,2,672,Tuesday,Tue,y,45,98,2021-11-01,20211101,11,23,November,Nov,4,2021,202111,5,2,2022,n,2020-11-02
20211103,2021-11-03,3,3,673,Wednesday,Wed,y,45,98,2021-11-01,20211101,11,23,November,Nov,4,2021,202111,5,2,2022,n,2020-11-03
20211104,2021-11-04,4,4,674,Thursday,Thu,y,45,98,2021-11-01,20211101,11,23,November,Nov,4,2021,202111,5,2,2022,n,2020-11-04
20211105,2021-11-05,5,5,675,Friday,Fri,y,45,98,2021-11-01,20211101,11,23,November,Nov,4,2021,202111,5,2,2022,n,2020-11-05
20211106,2021-11-06,6,6,676,Saturday,Sat,n,45,98,2021-11-01,20211101,11,23,November,Nov,4,2021,202111,5,2,2022,n,2020-11-06
20211107,2021-11-07,7,7,677,Sunday,Sun,n,45,98,2021-11-01,20211101,11,23,November,Nov,4,2021,202111,5,2,2022,n,2020-11-07
20211108,2021-11-08,1,8,678,Monday,Mon,y,46,99,2021-11-08,20211108,11,23,November,Nov,4,2021,202111,5,2,2022,n,2020-11-08
20211109,2021-11-09,2,9,679,Tuesday,Tue,y,46,99,2021-11-08,20211108,11,23,November,Nov,4,2021,202111,5,2,2022,n,2020-11-09
20211110,2021-11-10,3,10,680,Wednesday,Wed,y,46,99,2021-11-08,20211108,11,23,November,Nov,4,2021,202111,5,2,2022,n,2020-11-10
20211111,2021-11-11,4,11,681,Thursday,Thu,y,46,99,2021-11-08,20211108,11,23,November,Nov,4,2021,202111,5,2,2022,n,2020-11-11
20211112,2021-11-12,5,12,682,Friday,Fri,y,46,99,2021-11-08,20211108,11,23,November,Nov,4,2021,202111,5,2,2022,n,2020-11-12
20211113,2021-11-13,6,13,683,Saturday,Sat,n,46,99,2021-11-08,20211108,11,23,November,Nov,4,2021,202111,5,2,2022,n,2020-11-13
20211114,2021-11-14,7,14,684,Sunday,Sun,n,46,99,2021-11-08,20211108,11,23,November,Nov,4,2021,202111,5,2,2022,n,2020-11-14
20211115,2021-11-15,1,15,685,Monday,Mon,y,47,100,2021-11-15,20211115,11,23,November,Nov,4,2021,202111,5,2,2022,n,2020-11-15
20211116,2021-11-16,2,16,686,Tuesday,Tue,y,47,100,2021-11-15,20211115,11,23,November,Nov,4,2021,202111,5,2,2022,n,2020-11-16
20211117,2021-11-17,3,17,687,Wednesday,Wed,y,47,100,2021-11-15,20211115,11,23,November,Nov,4,2021,202111,5,2,2022,n,2020-11-17
20211118,2021-11-18,4,18,688,Thursday,Thu,y,47,100,2021-11-15,20211115,11,23,November,Nov,4,2021,202111,5,2,2022,n,2020-11-18
20211119,2021-11-19,5,19,689,Friday,Fri,y,47,100,2021-11-15,20211115,11,23,November,Nov,4,2021,202111,5,2,2022,n,2020-11-19
20211120,2021-11-20,6,20,690,Saturday,Sat,n,47,100,2021-11-15,20211115,11,23,November,Nov,4,2021,202111,5,2,2022,n,2020-11-20
20211121,2021-11-21,7,21,691,Sunday,Sun,n,47,100,2021-11-15,20211115,11,23,November,Nov,4,2021,202111,5,2,2022,n,2020-11-21
20211122,2021-11-22,1,22,692,Monday,Mon,y,48,101,2021-11-22,20211122,11,23,November,Nov,4,2021,202111,5,2,2022,n,2020-11-22
20211123,2021-11-23,2,23,693,Tuesday,Tue,y,48,101,2021-11-22,20211122,11,23,November,Nov,4,2021,202111,5,2,2022,n,2020-11-23
20211124,2021-11-24,3,24,694,Wednesday,Wed,y,48,101,2021-11-22,20211122,11,23,November,Nov,4,2021,202111,5,2,2022,n,2020-11-24
20211125,2021-11-25,4,25,695,Thursday,Thu,y,48,101,2021-11-22,20211122,11,23,November,Nov,4,2021,202111,5,2,2022,n,2020-11-25
20211126,2021-11-26,5,26,696,Friday,Fri,y,48,101,2021-11-22,20211122,11,23,November,Nov,4,2021,202111,5,2,2022,n,2020-11-26
20211127,2021-11-27,6,27,697,Saturday,Sat,n,48,101,2021-11-22,20211122,11,23,November,Nov,4,2021,202111,5,2,2022,n,2020-11-27
20211128,2021-11-28,7,28,698,Sunday,Sun,n,48,101,2021-11-22,20211122,11,23,November,Nov,4,2021,202111,5,2,2022,n,2020-11-28
20211129,2021-11-29,1,29,699,Monday,Mon,y,49,102,2021-11-29,20211129,11,23,November,Nov,4,2021,202111,5,2,2022,n,2020-11-29
20211130,2021-11-30,2,30,700,Tuesday,Tue,y,49,102,2021-11-29,20211129,11,23,November,Nov,4,2021,202111,5,2,2022,y,2020-11-30
20211201,2021-12-01,3,1,701,Wednesday,Wed,y,49,102,2021-11-29,20211129,12,24,December,Dec,4,2021,202112,6,2,2022,n,2020-12-01
20211202,2021-12-02,4,2,702,Thursday,Thu,y,49,102,2021-11-29,20211129,12,24,December,Dec,4,2021,202112,6,2,2022,n,2020-12-02
20211203,2021-12-03,5,3,703,Friday,Fri,y,49,102,2021-11-29,20211129,12,24,December,Dec,4,2021,202112,6,2,2022,n,2020-12-03
20211204,2021-12-04,6,4,704,Saturday,Sat,n,49,102,2021-11-29,20211129,12,24,December,Dec,4,2021,202112,6,2,2022,n,2020-12-04
20211205,2021-12-05,7,5,705,Sunday,Sun,n,49,102,2021-11-29,20211129,12,24,December,Dec,4,2021,202112,6,2,2022,n,2020-12-05
20211206,2021-12-06,1,6,706,Monday,Mon,y,50,103,2021-12-06,20211206,12,24,December,Dec,4,2021,202112,6,2,2022,n,2020-12-06
20211207,2021-12-07,2,7,707,Tuesday,Tue,y,50,103,2021-12-06,20211206,12,24,December,Dec,4,2021,202112,6,2,2022,n,2020-12-07
20211208,2021-12-08,3,8,708,Wednesday,Wed,y,50,103,2021-12-06,20211206,12,24,December,Dec,4,2021,202112,6,2,2022,n,2020-12-08
20211209,2021-12-09,4,9,709,Thursday,Thu,y,50,103,2021-12-06,20211206,12,24,December,Dec,4,2021,202112,6,2,2022,n,2020-12-09
20211210,2021-12-10,5,10,710,Friday,Fri,y,50,103,2021-12-06,20211206,12,24,December,Dec,4,2021,202112,6,2,2022,n,2020-12-10
20211211,2021-12-11,6,11,711,Saturday,Sat,n,50,103,2021-12-06,20211206,12,24,December,Dec,4,2021,202112,6,2,2022,n,2020-12-11
20211212,2021-12-12,7,12,712,Sunday,Sun,n,50,103,2021-12-06,20211206,12,24,December,Dec,4,2021,202112,6,2,2022,n,2020-12-12
20211213,2021-12-13,1,13,713,Monday,Mon,y,51,104,2021-12-13,20211213,12,24,December,Dec,4,2021,202112,6,2,2022,n,2020-12-13
20211214,2021-12-14,2,14,714,Tuesday,Tue,y,51,104,2021-12-13,20211213,12,24,December,Dec,4,2021,202112,6,2,2022,n,2020-12-14
20211215,2021-12-15,3,15,715,Wednesday,Wed,y,51,104,2021-12-13,20211213,12,24,December,Dec,4,2021,202112,6,2,2022,n,2020-12-15
20211216,2021-12-16,4,16,716,Thursday,Thu,y,51,104,2021-12-13,20211213,12,24,December,Dec,4,2021,202112,6,2,2022,n,2020-12-16
20211217,2021-12-17,5,17,717,Friday,Fri,y,51,104,2021-12-13,20211213,12,24,December,Dec,4,2021,202112,6,2,2022,n,2020-12-17
20211218,2021-12-18,6,18,718,Saturday,Sat,n,51,104,2021-12-13,20211213,12,24,December,Dec,4,2021,202112,6,2,2022,n,2020-12-18
20211219,2021-12-19,7,19,719,Sunday,Sun,n,51,104,2021-12-13,20211213,12,24,December,Dec,4,2021,202112,6,2,2022,n,2020-12-19
20211220,2021-12-20,1,20,720,Monday,Mon,y,52,105,2021-12-20,20211220,12,24,December,Dec,4,2021,202112,6,2,2022,n,2020-12-20
20211221,2021-12-21,2,21,721,Tuesday,Tue,y,52,105,2021-12-20,20211220,12,24,December,Dec,4,2021,202112,6,2,2022,n,2020-12-21
20211222,2021-12-22,3,22,722,Wednesday,Wed,y,52,105,2021-12-20,20211220,12,24,December,Dec,4,2021,202112,6,2,2022,n,2020-12-22
20211223,2021-12-23,4,23,723,Thursday,Thu,y,52,105,2021-12-20,20211220,12,24,December,Dec,4,2021,202112,6,2,2022,n,2020-12-23
20211224,2021-12-24,5,24,724,Friday,Fri,y,52,105,2021-12-20,20211220,12,24,December,Dec,4,2021,202112,6,2,2022,n,2020-12-24
20211225,2021-12-25,6,25,725,Saturday,Sat,n,52,105,2021-12-20,20211220,12,24,December,Dec,4,2021,202112,6,2,2022,n,2020-12-25
20211226,2021-12-26,7,26,726,Sunday,Sun,n,52,105,2021-12-20,20211220,12,24,December,Dec,4,2021,202112,6,2,2022,n,2020-12-26
20211227,2021-12-27,1,27,727,Monday,Mon,y,53,106,2021-12-27,20211227,12,24,December,Dec,4,2021,202112,6,2,2022,n,2020-12-27
20211228,2021-12-28,2,28,728,Tuesday,Tue,y,53,106,2021-12-27,20211227,12,24,December,Dec,4,2021,202112,6,2,2022,n,2020-12-28
20211229,2021-12-29,3,29,729,Wednesday,Wed,y,53,106,2021-12-27,20211227,12,24,December,Dec,4,2021,202112,6,2,2022,n,2020-12-29
20211230,2021-12-30,4,30,730,Thursday,Thu,y,53,106,2021-12-27,20211227,12,24,December,Dec,4,2021,202112,6,2,2022,n,2020-12-30
20211231,2021-12-31,5,31,731,Friday,Fri,y,53,106,2021-12-27,20211227,12,24,December,Dec,4,2021,202112,6,2,2022,y,2020-12-31
20220101,2022-01-01,6,1,732,Saturday,Sat,n,1,107,2021-12-27,20211227,1,25,January,Jan,1,2022,202201,7,3,2022,n,2021-01-01
20220102,2022-01-02,7,2,733,Sunday,Sun,n,1,107,2021-12-27,20211227,1,25,January,Jan,1,2022,202201,7,3,2022,n,2021-01-02
20220103,2022-01-03,1,3,734,Monday,Mon,y,2,108,2022-01-03,20220103,1,25,January,Jan,1,2022,202201,7,3,2022,n,2021-01-03
20220104,2022-01-04,2,4,735,Tuesday,Tue,y,2,108,2022-01-03,20220103,1,25,January,Jan,1,2022,202201,7,3,2022,n,2021-01-04
20220105,2022-01-05,3,5,736,Wednesday,Wed,y,2,108,2022-01-03,20220103,1,25,January,Jan,1,2022,202201,7,3,2022,n,2021-01-05
20220106,2022-01-06,4,6,737,Thursday,Thu,y,2,108,2022-01-03,20220103,1,25,January,Jan,1,2022,202201,7,3,2022,n,2021-01-06
20220107,2022-01-07,5,7,738,Friday,Fri,y,2,108,2022-01-03,20220103,1,25,January,Jan,1,2022,202201,7,3,2022,n,2021-01-07
20220108,2022-01-08,6,8,739,Saturday,Sat,n,2,108,2022-01-03,20220103,1,25,January,Jan,1,2022,202201,7,3,2022,n,2021-01-08
20220109,2022-01-09,7,9,740,Sunday,Sun,n,2,108,2022-01-03,20220103,1,25,January,Jan,1,2022,202201,7,3,2022,n,2021-01-09
20220110,2022-01-10,1,10,741,Monday,Mon,y,3,109,2022-01-10,20220110,1,25,January,Jan,1,2022,202201,7,3,2022,n,2021-01-10
20220111,2022-01-11,2,11,742,Tuesday,Tue,y,3,109,2022-01-10,20220110,1,25,January,Jan,1,2022,202201,7,3,2022,n,2021-01-11
20220112,2022-01-12,3,12,743,Wednesday,Wed,y,3,109,2022-01-10,20220110,1,25,January,Jan,1,2022,202201,7,3,2022,n,2021-01-12
20220113,2022-01-13,4,13,744,Thursday,Thu,y,3,109,2022-01-10,20220110,1,25,January,Jan,1,2022,202201,7,3,2022,n,2021-01-13
20220114,2022-01-14,5,14,745,Friday,Fri,y,3,109,2022-01-10,20220110,1,25,January,Jan,1,2022,202201,7,3,2022,n,2021-01-14
20220115,2022-01-15,6,15,746,Saturday,Sat,n,3,109,2022-01-10,20220110,1,25,January,Jan,1,2022,202201,7,3,2022,n,2021-01-15
20220116,2022-01-16,7,16,747,Sunday,Sun,n,3,109,2022-01-10,20220110,1,25,January,Jan,1,2022,202201,7,3,2022,n,2021-01-16
20220117,2022-01-17,1,17,748,Monday,Mon,y,4,110,2022-01-17,20220117,1,25,January,Jan,1,2022,202201,7,3,2022,n,2021-01-17
20220118,2022-01-18,2,18,749,Tuesday,Tue,y,4,110,2022-01-17,20220117,1,25,January,Jan,1,2022,202201,7,3,2022,n,2021-01-18
20220119,2022-01-19,3,19,750,Wednesday,Wed,y,4,110,2022-01-17,20220117,1,25,January,Jan,1,2022,202201,7,3,2022,n,2021-01-19
20220120,2022-01-20,4,20,751,Thursday,Thu,y,4,110,2022-01-17,20220117,1,25,January,Jan,1,2022,202201,7,3,2022,n,2021-01-20
20220121,2022-01-21,5,21,752,Friday,Fri,y,4,110,2022-01-17,20220117,1,25,January,Jan,1,2022,202201,7,3,2022,n,2021-01-21
20220122,2022-01-22,6,22,753,Saturday,Sat,n,4,110,2022-01-17,20220117,1,25,January,Jan,1,2022,202201,7,3,2022,n,2021-01-22
20220123,2022-01-23,7,23,754,Sunday,Sun,n,4,110,2022-01-17,20220117,1,25,January,Jan,1,2022,202201,7,3,2022,n,2021-01-23
20220124,2022-01-24,1,24,755,Monday,Mon,y,5,111,2022-01-24,20220124,1,25,January,Jan,1,2022,202201,7,3,2022,n,2021-01-24
20220125,2022-01-25,2,25,756,Tuesday,Tue,y,5,111,2022-01-24,20220124,1,25,January,Jan,1,2022,202201,7,3,2022,n,2021-01-25
20220126,2022-01-26,3,26,757,Wednesday,Wed,y,5,111,2022-01-24,20220124,1,25,January,Jan,1,2022,202201,7,3,2022,n,2021-01-26
20220127,2022-01-27,4,27,758,Thursday,Thu,y,5,111,2022-01-24,20220124,1,25,January,Jan,1,2022,202201,7,3,2022,n,2021-01-27
20220128,2022-01-28,5,28,759,Friday,Fri,y,5,111,2022-01-24,20220124,1,25,January,Jan,1,2022,202201,7,3,2022,n,2021-01-28
20220129,2022-01-29,6,29,760,Saturday,Sat,n,5,111,2022-01-24,20220124,1,25,January,Jan,1,2022,202201,7,3,2022,n,2021-01-29
20220130,2022-01-30,7,30,761,Sunday,Sun,n,5,111,2022-01-24,20220124,1,25,January,Jan,1,2022,202201,7,3,2022,n,2021-01-30
20220131,2022-01-31,1,31,762,Monday,Mon,y,6,112,2022-01-31,20220131,1,25,January,Jan,1,2022,202201,7,3,2022,y,2021-01-31
20220201,2022-02-01,2,1,763,Tuesday,Tue,y,6,112,2022-01-31,20220131,2,26,February,Feb,1,2022,202202,8,3,2022,n,2021-02-01
20220202,2022-02-02,3,2,764,Wednesday,Wed,y,6,112,2022-01-31,20220131,2,26,February,Feb,1,2022,202202,8,3,2022,n,2021-02-02
20220203,2022-02-03,4,3,765,Thursday,Thu,y,6,112,2022-01-31,20220131,2,26,February,Feb,1,2022,202202,8,3,2022,n,2021-02-03
20220204,2022-02-04,5,4,766,Friday,Fri,y,6,112,2022-01-31,20220131,2,26,February,Feb,1,2022,202202,8,3,2022,n,2021-02-04
20220205,2022-02-05,6,5,767,Saturday,Sat,n,6,112,2022-01-31,20220131,2,26,February,Feb,1,2022,202202,8,3,2022,n,2021-02-05
20220206,2022-02-06,7,6,768,Sunday,Sun,n,6,112,2022-01-31,20220131,2,26,February,Feb,1,2022,202202,8,3,2022,n,2021-02-06
20220207,2022-02-07,1,7,769,Monday,Mon,y,7,113,2022-02-07,20220207,2,26,February,Feb,1,2022,202202,8,3,2022,n,2021-02-07
20220208,2022-02-08,2,8,770,Tuesday,Tue,y,7,113,2022-02-07,20220207,2,26,February,Feb,1,2022,202202,8,3,2022,n,2021-02-08
20220209,2022-02-09,3,9,771,Wednesday,Wed,y,7,113,2022-02-07,20220207,2,26,February,Feb,1,2022,202202,8,3,2022,n,2021-02-09
20220210,2022-02-10,4,10,772,Thursday,Thu,y,7,113,2022-02-07,20220207,2,26,February,Feb,1,2022,202202,8,3,2022,n,2021-02-10
20220211,2022-02-11,5,11,773,Friday,Fri,y,7,113,2022-02-07,20220207,2,26,February,Feb,1,2022,202202,8,3,2022,n,2021-02-11
20220212,2022-02-12,6,12,774,Saturday,Sat,n,7,113,2022-02-07,20220207,2,26,February,Feb,1,2022,202202,8,3,2022,n,2021-02-12
20220213,2022-02-13,7,13,775,Sunday,Sun,n,7,113,2022-02-07,20220207,2,26,February,Feb,1,2022,202202,8,3,2022,n,2021-02-13
20220214,2022-02-14,1,14,776,Monday,Mon,y,8,114,2022-02-14,20220214,2,26,February,Feb,1,2022,202202,8,3,2022,n,2021-02-14
20220215,2022-02-15,2,15,777,Tuesday,Tue,y,8,114,2022-02-14,20220214,2,26,February,Feb,1,2022,202202,8,3,2022,n,2021-02-15
20220216,2022-02-16,3,16,778,Wednesday,Wed,y,8,114,2022-02-14,20220214,2,26,February,Feb,1,2022,202202,8,3,2022,n,2021-02-16
20220217,2022-02-17,4,17,779,Thursday,Thu,y,8,114,2022-02-14,20220214,2,26,February,Feb,1,2022,202202,8,3,2022,n,2021-02-17
20220218,2022-02-18,5,18,780,Friday,Fri,y,8,114,2022-02-14,20220214,2,26,February,Feb,1,2022,202202,8,3,2022,n,2021-02-18
20220219,2022-02-19,6,19,781,Saturday,Sat,n,8,114,2022-02-14,20220214,2,26,February,Feb,1,2022,202202,8,3,2022,n,2021-02-19
20220220,2022-02-20,7,20,782,Sunday,Sun,n,8,114,2022-02-14,20220214,2,26,February,Feb,1,2022,202202,8,3,2022,n,2021-02-20
20220221,2022-02-21,1,21,783,Monday,Mon,y,9,115,2022-02-21,20220221,2,26,February,Feb,1,2022,202202,8,3,2022,n,2021-02-21
20220222,2022-02-22,2,22,784,Tuesday,Tue,y,9,115,2022-02-21,20220221,2,26,February,Feb,1,2022,202202,8,3,2022,n,2021-02-22
20220223,2022-02-23,3,23,785,Wednesday,Wed,y,9,115,2022-02-21,20220221,2,26,February,Feb,1,2022,202202,8,3,2022,n,2021-02-23
20220224,2022-02-24,4,24,786,Thursday,Thu,y,9,115,2022-02-21,20220221,2,26,February,Feb,1,2022,202202,8,3,2022,n,2021-02-24
20220225,2022-02-25,5,25,787,Friday,Fri,y,9,115,2022-02-21,20220221,2,26,February,Feb,1,2022,202202,8,3,2022,n,2021-02-25
20220226,2022-02-26,6,26,788,Saturday,Sat,n,9,115,2022-02-21,20220221,2,26,February,Feb,1,2022,202202,8,3,2022,n,2021-02-26
20220227,2022-02-27,7,27,789,Sunday,Sun,n,9,115,2022-02-21,20220221,2,26,February,Feb,1,2022,202202,8,3,2022,n,2021-02-27
20220228,2022-02-28,1,28,790,Monday,Mon,y,10,116,2022-02-28,20220228,2,26,February,Feb,1,2022,202202,8,3,2022,y,2021-02-28
20220301,2022-03-01,2,1,791,Tuesday,Tue,y,10,116,2022-02-28,20220228,3,27,March,Mar,1,2022,202203,9,3,2022,n,2021-03-01
20220302,2022-03-02,3,2,792,Wednesday,Wed,y,10,116,2022-02-28,20220228,3,27,March,Mar,1,2022,202203,9,3,2022,n,2021-03-02
20220303,2022-03-03,4,3,793,Thursday,Thu,y,10,116,2022-02-28,20220228,3,27,March,Mar,1,2022,202203,9,3,2022,n,2021-03-03
20220304,2022-03-04,5,4,794,Friday,Fri,y,10,116,2022-02-28,20220228,3,27,March,Mar,1,2022,202203,9,3,2022,n,2021-03-04
20220305,2022-03-05,6,5,795,Saturday,Sat,n,10,116,2022-02-28,20220228,3,27,March,Mar,1,2022,202203,9,3,2022,n,2021-03-05
20220306,2022-03-06,7,6,796,Sunday,Sun,n,10,116,2022-02-28,20220228,3,27,March,Mar,1,2022,202203,9,3,2022,n,2021-03-06
20220307,2022-03-07,1,7,797,Monday,Mon,y,11,117,2022-03-07,20220307,3,27,March,Mar,1,2022,202203,9,3,2022,n,2021-03-07
20220308,2022-03-08,2,8,798,Tuesday,Tue,y,11,117,2022-03-07,20220307,3,27,March,Mar,1,2022,202203,9,3,2022,n,2021-03-08
20220309,2022-03-09,3,9,799,Wednesday,Wed,y,11,117,2022-03-07,20220307,3,27,March,Mar,1,2022,202203,9,3,2022,n,2021-03-09
20220310,2022-03-10,4,10,800,Thursday,Thu,y,11,117,2022-03-07,20220307,3,27,March,Mar,1,2022,202203,9,3,2022,n,2021-03-10
20220311,2022-03-11,5,11,801,Friday,Fri,y,11,117,2022-03-07,20220307,3,27,March,Mar,1,2022,202203,9,3,2022,n,2021-03-11
20220312,2022-03-12,6,12,802,Saturday,Sat,n,11,117,2022-03-07,20220307,3,27,March,Mar,1,2022,202203,9,3,2022,n,2021-03-12
20220313,2022-03-13,7,13,803,Sunday,Sun,n,11,117,2022-03-07,20220307,3,27,March,Mar,1,2022,202203,9,3,2022,n,2021-03-13
20220314,2022-03-14,1,14,804,Monday,Mon,y,12,118,2022-03-14,20220314,3,27,March,Mar,1,2022,202203,9,3,2022,n,2021-03-14
20220315,2022-03-15,2,15,805,Tuesday,Tue,y,12,118,2022-03-14,20220314,3,27,March,Mar,1,2022,202203,9,3,2022,n,2021-03-15
20220316,2022-03-16,3,16,806,Wednesday,Wed,y,12,118,2022-03-14,20220314,3,27,March,Mar,1,2022,202203,9,3,2022,n,2021-03-16
20220317,2022-03-17,4,17,807,Thursday,Thu,y,12,118,2022-03-14,20220314,3,27,March,Mar,1,2022,202203,9,3,2022,n,2021-03-17
20220318,2022-03-18,5,18,808,Friday,Fri,y,12,118,2022-03-14,20220314,3,27,March,Mar,1,2022,202203,9,3,2022,n,2021-03-18
20220319,2022-03-19,6,19,809,Saturday,Sat,n,12,118,2022-03-14,20220314,3,27,March,Mar,1,2022,202203,9,3,2022,n,2021-03-19
20220320,2022-03-20,7,20,810,Sunday,Sun,n,12,118,2022-03-14,20220314,3,27,March,Mar,1,2022,202203,9,3,2022,n,2021-03-20
20220321,2022-03-21,1,21,811,Monday,Mon,y,13,119,2022-03-21,20220321,3,27,March,Mar,1,2022,202203,9,3,2022,n,2021-03-21
20220322,2022-03-22,2,22,812,Tuesday,Tue,y,13,119,2022-03-21,20220321,3,27,March,Mar,1,2022,202203,9,3,2022,n,2021-03-22
20220323,2022-03-23,3,23,813,Wednesday,Wed,y,13,119,2022-03-21,20220321,3,27,March,Mar,1,2022,202203,9,3,2022,n,2021-03-23
20220324,2022-03-24,4,24,814,Thursday,Thu,y,13,119,2022-03-21,20220321,3,27,March,Mar,1,2022,202203,9,3,2022,n,2021-03-24
20220325,2022-03-25,5,25,815,Friday,Fri,y,13,119,2022-03-21,20220321,3,27,March,Mar,1,2022,202203,9,3,2022,n,2021-03-25
20220326,2022-03-26,6,26,816,Saturday,Sat,n,13,119,2022-03-21,20220321,3,27,March,Mar,1,2022,202203,9,3,2022,n,2021-03-26
20220327,2022-03-27,7,27,817,Sunday,Sun,n,13,119,2022-03-21,20220321,3,27,March,Mar,1,2022,202203,9,3,2022,n,2021-03-27
20220328,2022-03-28,1,28,818,Monday,Mon,y,14,120,2022-03-28,20220328,3,27,March,Mar,1,2022,202203,9,3,2022,n,2021-03-28
20220329,2022-03-29,2,29,819,Tuesday,Tue,y,14,120,2022-03-28,20220328,3,27,March,Mar,1,2022,202203,9,3,2022,n,2021-03-29
20220330,2022-03-30,3,30,820,Wednesday,Wed,y,14,120,2022-03-28,20220328,3,27,March,Mar,1,2022,202203,9,3,2022,n,2021-03-30
20220331,2022-03-31,4,31,821,Thursday,Thu,y,14,120,2022-03-28,20220328,3,27,March,Mar,1,2022,202203,9,3,2022,y,2021-03-31
20220401,2022-04-01,5,1,822,Friday,Fri,y,14,120,2022-03-28,20220328,4,28,April,Apr,2,2022,202204,10,4,2022,n,2021-04-01
20220402,2022-04-02,6,2,823,Saturday,Sat,n,14,120,2022-03-28,20220328,4,28,April,Apr,2,2022,202204,10,4,2022,n,2021-04-02
20220403,2022-04-03,7,3,824,Sunday,Sun,n,14,120,2022-03-28,20220328,4,28,April,Apr,2,2022,202204,10,4,2022,n,2021-04-03
20220404,2022-04-04,1,4,825,Monday,Mon,y,15,121,2022-04-04,20220404,4,28,April,Apr,2,2022,202204,10,4,2022,n,2021-04-04
20220405,2022-04-05,2,5,826,Tuesday,Tue,y,15,121,2022-04-04,20220404,4,28,April,Apr,2,2022,202204,10,4,2022,n,2021-04-05
20220406,2022-04-06,3,6,827,Wednesday,Wed,y,15,121,2022-04-04,20220404,4,28,April,Apr,2,2022,202204,10,4,2022,n,2021-04-06
20220407,2022-04-07,4,7,828,Thursday,Thu,y,15,121,2022-04-04,20220404,4,28,April,Apr,2,2022,202204,10,4,2022,n,2021-04-07
20220408,2022-04-08,5,8,829,Friday,Fri,y,15,121,2022-04-04,20220404,4,28,April,Apr,2,2022,202204,10,4,2022,n,2021-04-08
20220409,2022-04-09,6,9,830,Saturday,Sat,n,15,121,2022-04-04,20220404,4,28,April,Apr,2,2022,202204,10,4,2022,n,2021-04-09
20220410,2022-04-10,7,10,831,Sunday,Sun,n,15,121,2022-04-04,20220404,4,28,April,Apr,2,2022,202204,10,4,2022,n,2021-04-10
20220411,2022-04-11,1,11,832,Monday,Mon,y,16,122,2022-04-11,20220411,4,28,April,Apr,2,2022,202204,10,4,2022,n,2021-04-11
20220412,2022-04-12,2,12,833,Tuesday,Tue,y,16,122,2022-04-11,20220411,4,28,April,Apr,2,2022,202204,10,4,2022,n,2021-04-12
20220413,2022-04-13,3,13,834,Wednesday,Wed,y,16,122,2022-04-11,20220411,4,28,April,Apr,2,2022,202204,10,4,2022,n,2021-04-13
20220414,2022-04-14,4,14,835,Thursday,Thu,y,16,122,2022-04-11,20220411,4,28,April,Apr,2,2022,202204,10,4,2022,n,2021-04-14
20220415,2022-04-15,5,15,836,Friday,Fri,y,16,122,2022-04-11,20220411,4,28,April,Apr,2,2022,202204,10,4,2022,n,2021-04-15
20220416,2022-04-16,6,16,837,Saturday,Sat,n,16,122,2022-04-11,20220411,4,28,April,Apr,2,2022,202204,10,4,2022,n,2021-04-16
20220417,2022-04-17,7,17,838,Sunday,Sun,n,16,122,2022-04-11,20220411,4,28,April,Apr,2,2022,202204,10,4,2022,n,2021-04-17
20220418,2022-04-18,1,18,839,Monday,Mon,y,17,123,2022-04-18,20220418,4,28,April,Apr,2,2022,202204,10,4,2022,n,2021-04-18
20220419,2022-04-19,2,19,840,Tuesday,Tue,y,17,123,2022-04-18,20220418,4,28,April,Apr,2,2022,202204,10,4,2022,n,2021-04-19
20220420,2022-04-20,3,20,841,Wednesday,Wed,y,17,123,2022-04-18,20220418,4,28,April,Apr,2,2022,202204,10,4,2022,n,2021-04-20
20220421,2022-04-21,4,21,842,Thursday,Thu,y,17,123,2022-04-18,20220418,4,28,April,Apr,2,2022,202204,10,4,2022,n,2021-04-21
20220422,2022-04-22,5,22,843,Friday,Fri,y,17,123,2022-04-18,20220418,4,28,April,Apr,2,2022,202204,10,4,2022,n,2021-04-22
20220423,2022-04-23,6,23,844,Saturday,Sat,n,17,123,2022-04-18,20220418,4,28,April,Apr,2,2022,202204,10,4,2022,n,2021-04-23
20220424,2022-04-24,7,24,845,Sunday,Sun,n,17,123,2022-04-18,20220418,4,28,April,Apr,2,2022,202204,10,4,2022,n,2021-04-24
20220425,2022-04-25,1,25,846,Monday,Mon,y,18,124,2022-04-25,20220425,4,28,April,Apr,2,2022,202204,10,4,2022,n,2021-04-25
20220426,2022-04-26,2,26,847,Tuesday,Tue,y,18,124,2022-04-25,20220425,4,28,April,Apr,2,2022,202204,10,4,2022,n,2021-04-26
20220427,2022-04-27,3,27,848,Wednesday,Wed,y,18,124,2022-04-25,20220425,4,28,April,Apr,2,2022,202204,10,4,2022,n,2021-04-27
20220428,2022-04-28,4,28,849,Thursday,Thu,y,18,124,2022-04-25,20220425,4,28,April,Apr,2,2022,202204,10,4,2022,n,2021-04-28
20220429,2022-04-29,5,29,850,Friday,Fri,y,18,124,2022-04-25,20220425,4,28,April,Apr,2,2022,202204,10,4,2022,n,2021-04-29
20220430,2022-04-30,6,30,851,Saturday,Sat,n,18,124,2022-04-25,20220425,4,28,April,Apr,2,2022,202204,10,4,2022,y,2021-04-30
20220501,2022-05-01,7,1,852,Sunday,Sun,n,18,124,2022-04-25,20220425,5,29,May,May,2,2022,202205,11,4,2022,n,2021-05-01
20220502,2022-05-02,1,2,853,Monday,Mon,y,19,125,2022-05-02,20220502,5,29,May,May,2,2022,202205,11,4,2022,n,2021-05-02
20220503,2022-05-03,2,3,854,Tuesday,Tue,y,19,125,2022-05-02,20220502,5,29,May,May,2,2022,202205,11,4,2022,n,2021-05-03
20220504,2022-05-04,3,4,855,Wednesday,Wed,y,19,125,2022-05-02,20220502,5,29,May,May,2,2022,202205,11,4,2022,n,2021-05-04
20220505,2022-05-05,4,5,856,Thursday,Thu,y,19,125,2022-05-02,20220502,5,29,May,May,2,2022,202205,11,4,2022,n,2021-05-05
20220506,2022-05-06,5,6,857,Friday,Fri,y,19,125,2022-05-02,20220502,5,29,May,May,2,2022,202205,11,4,2022,n,2021-05-06
20220507,2022-05-07,6,7,858,Saturday,Sat,n,19,125,2022-05-02,20220502,5,29,May,May,2,2022,202205,11,4,2022,n,2021-05-07
20220508,2022-05-08,7,8,859,Sunday,Sun,n,19,125,2022-05-02,20220502,5,29,May,May,2,2022,202205,11,4,2022,n,2021-05-08
20220509,2022-05-09,1,9,860,Monday,Mon,y,20,126,2022-05-09,20220509,5,29,May,May,2,2022,202205,11,4,2022,n,2021-05-09
20220510,2022-05-10,2,10,861,Tuesday,Tue,y,20,126,2022-05-09,20220509,5,29,May,May,2,2022,202205,11,4,2022,n,2021-05-10
20220511,2022-05-11,3,11,862,Wednesday,Wed,y,20,126,2022-05-09,20220509,5,29,May,May,2,2022,202205,11,4,2022,n,2021-05-11
20220512,2022-05-12,4,12,863,Thursday,Thu,y,20,126,2022-05-09,20220509,5,29,May,May,2,2022,202205,11,4,2022,n,2021-05-12
20220513,2022-05-13,5,13,864,Friday,Fri,y,20,126,2022-05-09,20220509,5,29,May,May,2,2022,202205,11,4,2022,n,2021-05-13
20220514,2022-05-14,6,14,865,Saturday,Sat,n,20,126,2022-05-09,20220509,5,29,May,May,2,2022,202205,11,4,2022,n,2021-05-14
20220515,2022-05-15,7,15,866,Sunday,Sun,n,20,126,2022-05-09,20220509,5,29,May,May,2,2022,202205,11,4,2022,n,2021-05-15
20220516,2022-05-16,1,16,867,Monday,Mon,y,21,127,2022-05-16,20220516,5,29,May,May,2,2022,202205,11,4,2022,n,2021-05-16
20220517,2022-05-17,2,17,868,Tuesday,Tue,y,21,127,2022-05-16,20220516,5,29,May,May,2,2022,202205,11,4,2022,n,2021-05-17
20220518,2022-05-18,3,18,869,Wednesday,Wed,y,21,127,2022-05-16,20220516,5,29,May,May,2,2022,202205,11,4,2022,n,2021-05-18
20220519,2022-05-19,4,19,870,Thursday,Thu,y,21,127,2022-05-16,20220516,5,29,May,May,2,2022,202205,11,4,2022,n,2021-05-19
20220520,2022-05-20,5,20,871,Friday,Fri,y,21,127,2022-05-16,20220516,5,29,May,May,2,2022,202205,11,4,2022,n,2021-05-20
20220521,2022-05-21,6,21,872,Saturday,Sat,n,21,127,2022-05-16,20220516,5,29,May,May,2,2022,202205,11,4,2022,n,2021-05-21
20220522,2022-05-22,7,22,873,Sunday,Sun,n,21,127,2022-05-16,20220516,5,29,May,May,2,2022,202205,11,4,2022,n,2021-05-22
20220523,2022-05-23,1,23,874,Monday,Mon,y,22,128,2022-05-23,20220523,5,29,May,May,2,2022,202205,11,4,2022,n,2021-05-23
20220524,2022-05-24,2,24,875,Tuesday,Tue,y,22,128,2022-05-23,20220523,5,29,May,May,2,2022,202205,11,4,2022,n,2021-05-24
20220525,2022-05-25,3,25,876,Wednesday,Wed,y,22,128,2022-05-23,20220523,5,29,May,May,2,2022,202205,11,4,2022,n,2021-05-25
20220526,2022-05-26,4,26,877,Thursday,Thu,y,22,128,2022-05-23,20220523,5,29,May,May,2,2022,202205,11,4,2022,n,2021-05-26
20220527,2022-05-27,5,27,878,Friday,Fri,y,22,128,2022-05-23,20220523,5,29,May,May,2,2022,202205,11,4,2022,n,2021-05-27
20220528,2022-05-28,6,28,879,Saturday,Sat,n,22,128,2022-05-23,20220523,5,29,May,May,2,2022,202205,11,4,2022,n,2021-05-28
20220529,2022-05-29,7,29,880,Sunday,Sun,n,22,128,2022-05-23,20220523,5,29,May,May,2,2022,202205,11,4,2022,n,2021-05-29
20220530,2022-05-30,1,30,881,Monday,Mon,y,23,129,2022-05-30,20220530,5,29,May,May,2,2022,202205,11,4,2022,n,2021-05-30
20220531,2022-05-31,2,31,882,Tuesday,Tue,y,23,129,2022-05-30,20220530,5,29,May,May,2,2022,202205,11,4,2022,y,2021-05-31
20220601,2022-06-01,3,1,883,Wednesday,Wed,y,23,129,2022-05-30,20220530,6,30,June,Jun,2,2022,202206,12,4,2022,n,2021-06-01
20220602,2022-06-02,4,2,884,Thursday,Thu,y,23,129,2022-05-30,20220530,6,30,June,Jun,2,2022,202206,12,4,2022,n,2021-06-02
20220603,2022-06-03,5,3,885,Friday,Fri,y,23,129,2022-05-30,20220530,6,30,June,Jun,2,2022,202206,12,4,2022,n,2021-06-03
20220604,2022-06-04,6,4,886,Saturday,Sat,n,23,129,2022-05-30,20220530,6,30,June,Jun,2,2022,202206,12,4,2022,n,2021-06-04
20220605,2022-06-05,7,5,887,Sunday,Sun,n,23,129,2022-05-30,20220530,6,30,June,Jun,2,2022,202206,12,4,2022,n,2021-06-05
20220606,2022-06-06,1,6,888,Monday,Mon,y,24,130,2022-06-06,20220606,6,30,June,Jun,2,2022,202206,12,4,2022,n,2021-06-06
20220607,2022-06-07,2,7,889,Tuesday,Tue,y,24,130,2022-06-06,20220606,6,30,June,Jun,2,2022,202206,12,4,2022,n,2021-06-07
20220608,2022-06-08,3,8,890,Wednesday,Wed,y,24,130,2022-06-06,20220606,6,30,June,Jun,2,2022,202206,12,4,2022,n,2021-06-08
20220609,2022-06-09,4,9,891,Thursday,Thu,y,24,130,2022-06-06,20220606,6,30,June,Jun,2,2022,202206,12,4,2022,n,2021-06-09
20220610,2022-06-10,5,10,892,Friday,Fri,y,24,130,2022-06-06,20220606,6,30,June,Jun,2,2022,202206,12,4,2022,n,2021-06-10
20220611,2022-06-11,6,11,893,Saturday,Sat,n,24,130,2022-06-06,20220606,6,30,June,Jun,2,2022,202206,12,4,2022,n,2021-06-11
20220612,2022-06-12,7,12,894,Sunday,Sun,n,24,130,2022-06-06,20220606,6,30,June,Jun,2,2022,202206,12,4,2022,n,2021-06-12
20220613,2022-06-13,1,13,895,Monday,Mon,y,25,131,2022-06-13,20220613,6,30,June,Jun,2,2022,202206,12,4,2022,n,2021-06-13
20220614,2022-06-14,2,14,896,Tuesday,Tue,y,25,131,2022-06-13,20220613,6,30,June,Jun,2,2022,202206,12,4,2022,n,2021-06-14
20220615,2022-06-15,3,15,897,Wednesday,Wed,y,25,131,2022-06-13,20220613,6,30,June,Jun,2,2022,202206,12,4,2022,n,2021-06-15
20220616,2022-06-16,4,16,898,Thursday,Thu,y,25,131,2022-06-13,20220613,6,30,June,Jun,2,2022,202206,12,4,2022,n,2021-06-16
20220617,2022-06-17,5,17,899,Friday,Fri,y,25,131,2022-06-13,20220613,6,30,June,Jun,2,2022,202206,12,4,2022,n,2021-06-17
20220618,2022-06-18,6,18,900,Saturday,Sat,n,25,131,2022-06-13,20220613,6,30,June,Jun,2,2022,202206,12,4,2022,n,2021-06-18
20220619,2022-06-19,7,19,901,Sunday,Sun,n,25,131,2022-06-13,20220613,6,30,June,Jun,2,2022,202206,12,4,2022,n,2021-06-19
20220620,2022-06-20,1,20,902,Monday,Mon,y,26,132,2022-06-20,20220620,6,30,June,Jun,2,2022,202206,12,4,2022,n,2021-06-20
20220621,2022-06-21,2,21,903,Tuesday,Tue,y,26,132,2022-06-20,20220620,6,30,June,Jun,2,2022,202206,12,4,2022,n,2021-06-21
20220622,2022-06-22,3,22,904,Wednesday,Wed,y,26,132,2022-06-20,20220620,6,30,June,Jun,2,2022,202206,12,4,2022,n,2021-06-22
20220623,2022-06-23,4,23,905,Thursday,Thu,y,26,132,2022-06-20,20220620,6,30,June,Jun,2,2022,202206,12,4,2022,n,2021-06-23
20220624,2022-06-24,5,24,906,Friday,Fri,y,26,132,2022-06-20,20220620,6,30,June,Jun,2,2022,202206,12,4,2022,n,2021-06-24
20220625,2022-06-25,6,25,907,Saturday,Sat,n,26,132,2022-06-20,20220620,6,30,June,Jun,2,2022,202206,12,4,2022,n,2021-06-25
20220626,2022-06-26,7,26,908,Sunday,Sun,n,26,132,2022-06-20,20220620,6,30,June,Jun,2,2022,202206,12,4,2022,n,2021-06-26
20220627,2022-06-27,1,27,909,Monday,Mon,y,27,133,2022-06-27,20220627,6,30,June,Jun,2,2022,202206,12,4,2022,n,2021-06-27
20220628,2022-06-28,2,28,910,Tuesday,Tue,y,27,133,2022-06-27,20220627,6,30,June,Jun,2,2022,202206,12,4,2022,n,2021-06-28
20220629,2022-06-29,3,29,911,Wednesday,Wed,y,27,133,2022-06-27,20220627,6,30,June,Jun,2,2022,202206,12,4,2022,n,2021-06-29
20220630,2022-06-30,4,30,912,Thursday,Thu,y,27,133,2022-06-27,20220627,6,30,June,Jun,2,2022,202206,12,4,2022,y,2021-06-30
20220701,2022-07-01,5,1,913,Friday,Fri,y,27,133,2022-06-27,20220627,7,31,July,Jul,3,2022,202207,1,1,2023,n,2021-07-01
20220702,2022-07-02,6,2,914,Saturday,Sat,n,27,133,2022-06-27,20220627,7,31,July,Jul,3,2022,202207,1,1,2023,n,2021-07-02
20220703,2022-07-03,7,3,915,Sunday,Sun,n,27,133,2022-06-27,20220627,7,31,July,Jul,3,2022,202207,1,1,2023,n,2021-07-03
20220704,2022-07-04,1,4,916,Monday,Mon,y,28,134,2022-07-04,20220704,7,31,July,Jul,3,2022,202207,1,1,2023,n,2021-07-04
20220705,2022-07-05,2,5,917,Tuesday,Tue,y,28,134,2022-07-04,20220704,7,31,July,Jul,3,2022,202207,1,1,2023,n,2021-07-05
20220706,2022-07-06,3,6,918,Wednesday,Wed,y,28,134,2022-07-04,20220704,7,31,July,Jul,3,2022,202207,1,1,2023,n,2021-07-06
20220707,2022-07-07,4,7,919,Thursday,Thu,y,28,134,2022-07-04,20220704,7,31,July,Jul,3,2022,202207,1,1,2023,n,2021-07-07
20220708,2022-07-08,5,8,920,Friday,Fri,y,28,134,2022-07-04,20220704,7,31,July,Jul,3,2022,202207,1,1,2023,n,2021-07-08
20220709,2022-07-09,6,9,921,Saturday,Sat,n,28,134,2022-07-04,20220704,7,31,July,Jul,3,2022,202207,1,1,2023,n,2021-07-09
20220710,2022-07-10,7,10,922,Sunday,Sun,n,28,134,2022-07-04,20220704,7,31,July,Jul,3,2022,202207,1,1,2023,n,2021-07-10
20220711,2022-07-11,1,11,923,Monday,Mon,y,29,135,2022-07-11,20220711,7,31,July,Jul,3,2022,202207,1,1,2023,n,2021-07-11
20220712,2022-07-12,2,12,924,Tuesday,Tue,y,29,135,2022-07-11,20220711,7,31,July,Jul,3,2022,202207,1,1,2023,n,2021-07-12
20220713,2022-07-13,3,13,925,Wednesday,Wed,y,29,135,2022-07-11,20220711,7,31,July,Jul,3,2022,202207,1,1,2023,n,2021-07-13
20220714,2022-07-14,4,14,926,Thursday,Thu,y,29,135,2022-07-11,20220711,7,31,July,Jul,3,2022,202207,1,1,2023,n,2021-07-14
20220715,2022-07-15,5,15,927,Friday,Fri,y,29,135,2022-07-11,20220711,7,31,July,Jul,3,2022,202207,1,1,2023,n,2021-07-15
20220716,2022-07-16,6,16,928,Saturday,Sat,n,29,135,2022-07-11,20220711,7,31,July,Jul,3,2022,202207,1,1,2023,n,2021-07-16
20220717,2022-07-17,7,17,929,Sunday,Sun,n,29,135,2022-07-11,20220711,7,31,July,Jul,3,2022,202207,1,1,2023,n,2021-07-17
20220718,2022-07-18,1,18,930,Monday,Mon,y,30,136,2022-07-18,20220718,7,31,July,Jul,3,2022,202207,1,1,2023,n,2021-07-18
20220719,2022-07-19,2,19,931,Tuesday,Tue,y,30,136,2022-07-18,20220718,7,31,July,Jul,3,2022,202207,1,1,2023,n,2021-07-19
20220720,2022-07-20,3,20,932,Wednesday,Wed,y,30,136,2022-07-18,20220718,7,31,July,Jul,3,2022,202207,1,1,2023,n,2021-07-20
20220721,2022-07-21,4,21,933,Thursday,Thu,y,30,136,2022-07-18,20220718,7,31,July,Jul,3,2022,202207,1,1,2023,n,2021-07-21
20220722,2022-07-22,5,22,934,Friday,Fri,y,30,136,2022-07-18,20220718,7,31,July,Jul,3,2022,202207,1,1,2023,n,2021-07-22
20220723,2022-07-23,6,23,935,Saturday,Sat,n,30,136,2022-07-18,20220718,7,31,July,Jul,3,2022,202207,1,1,2023,n,2021-07-23
20220724,2022-07-24,7,24,936,Sunday,Sun,n,30,136,2022-07-18,20220718,7,31,July,Jul,3,2022,202207,1,1,2023,n,2021-07-24
20220725,2022-07-25,1,25,937,Monday,Mon,y,31,137,2022-07-25,20220725,7,31,July,Jul,3,2022,202207,1,1,2023,n,2021-07-25
20220726,2022-07-26,2,26,938,Tuesday,Tue,y,31,137,2022-07-25,20220725,7,31,July,Jul,3,2022,202207,1,1,2023,n,2021-07-26
20220727,2022-07-27,3,27,939,Wednesday,Wed,y,31,137,2022-07-25,20220725,7,31,July,Jul,3,2022,202207,1,1,2023,n,2021-07-27
20220728,2022-07-28,4,28,940,Thursday,Thu,y,31,137,2022-07-25,20220725,7,31,July,Jul,3,2022,202207,1,1,2023,n,2021-07-28
20220729,2022-07-29,5,29,941,Friday,Fri,y,31,137,2022-07-25,20220725,7,31,July,Jul,3,2022,202207,1,1,2023,n,2021-07-29
20220730,2022-07-30,6,30,942,Saturday,Sat,n,31,137,2022-07-25,20220725,7,31,July,Jul,3,2022,202207,1,1,2023,n,2021-07-30
20220731,2022-07-31,7,31,943,Sunday,Sun,n,31,137,2022-07-25,20220725,7,31,July,Jul,3,2022,202207,1,1,2023,y,2021-07-31
20220801,2022-08-01,1,1,944,Monday,Mon,y,32,138,2022-08-01,20220801,8,32,August,Aug,3,2022,202208,2,1,2023,n,2021-08-01
20220802,2022-08-02,2,2,945,Tuesday,Tue,y,32,138,2022-08-01,20220801,8,32,August,Aug,3,2022,202208,2,1,2023,n,2021-08-02
20220803,2022-08-03,3,3,946,Wednesday,Wed,y,32,138,2022-08-01,20220801,8,32,August,Aug,3,2022,202208,2,1,2023,n,2021-08-03
20220804,2022-08-04,4,4,947,Thursday,Thu,y,32,138,2022-08-01,20220801,8,32,August,Aug,3,2022,202208,2,1,2023,n,2021-08-04
20220805,2022-08-05,5,5,948,Friday,Fri,y,32,138,2022-08-01,20220801,8,32,August,Aug,3,2022,202208,2,1,2023,n,2021-08-05
20220806,2022-08-06,6,6,949,Saturday,Sat,n,32,138,2022-08-01,20220801,8,32,August,Aug,3,2022,202208,2,1,2023,n,2021-08-06
20220807,2022-08-07,7,7,950,Sunday,Sun,n,32,138,2022-08-01,20220801,8,32,August,Aug,3,2022,202208,2,1,2023,n,2021-08-07
20220808,2022-08-08,1,8,951,Monday,Mon,y,33,139,2022-08-08,20220808,8,32,August,Aug,3,2022,202208,2,1,2023,n,2021-08-08
20220809,2022-08-09,2,9,952,Tuesday,Tue,y,33,139,2022-08-08,20220808,8,32,August,Aug,3,2022,202208,2,1,2023,n,2021-08-09
20220810,2022-08-10,3,10,953,Wednesday,Wed,y,33,139,2022-08-08,20220808,8,32,August,Aug,3,2022,202208,2,1,2023,n,2021-08-10
20220811,2022-08-11,4,11,954,Thursday,Thu,y,33,139,2022-08-08,20220808,8,32,August,Aug,3,2022,202208,2,1,2023,n,2021-08-11
20220812,2022-08-12,5,12,955,Friday,Fri,y,33,139,2022-08-08,20220808,8,32,August,Aug,3,2022,202208,2,1,2023,n,2021-08-12
20220813,2022-08-13,6,13,956,Saturday,Sat,n,33,139,2022-08-08,20220808,8,32,August,Aug,3,2022,202208,2,1,2023,n,2021-08-13
20220814,2022-08-14,7,14,957,Sunday,Sun,n,33,139,2022-08-08,20220808,8,32,August,Aug,3,2022,202208,2,1,2023,n,2021-08-14
20220815,2022-08-15,1,15,958,Monday,Mon,y,34,140,2022-08-15,20220815,8,32,August,Aug,3,2022,202208,2,1,2023,n,2021-08-15
20220816,2022-08-16,2,16,959,Tuesday,Tue,y,34,140,2022-08-15,20220815,8,32,August,Aug,3,2022,202208,2,1,2023,n,2021-08-16
20220817,2022-08-17,3,17,960,Wednesday,Wed,y,34,140,2022-08-15,20220815,8,32,August,Aug,3,2022,202208,2,1,2023,n,2021-08-17
20220818,2022-08-18,4,18,961,Thursday,Thu,y,34,140,2022-08-15,20220815,8,32,August,Aug,3,2022,202208,2,1,2023,n,2021-08-18
20220819,2022-08-19,5,19,962,Friday,Fri,y,34,140,2022-08-15,20220815,8,32,August,Aug,3,2022,202208,2,1,2023,n,2021-08-19
20220820,2022-08-20,6,20,963,Saturday,Sat,n,34,140,2022-08-15,20220815,8,32,August,Aug,3,2022,202208,2,1,2023,n,2021-08-20
20220821,2022-08-21,7,21,964,Sunday,Sun,n,34,140,2022-08-15,20220815,8,32,August,Aug,3,2022,202208,2,1,2023,n,2021-08-21
20220822,2022-08-22,1,22,965,Monday,Mon,y,35,141,2022-08-22,20220822,8,32,August,Aug,3,2022,202208,2,1,2023,n,2021-08-22
20220823,2022-08-23,2,23,966,Tuesday,Tue,y,35,141,2022-08-22,20220822,8,32,August,Aug,3,2022,202208,2,1,2023,n,2021-08-23
20220824,2022-08-24,3,24,967,Wednesday,Wed,y,35,141,2022-08-22,20220822,8,32,August,Aug,3,2022,202208,2,1,2023,n,2021-08-24
20220825,2022-08-25,4,25,968,Thursday,Thu,y,35,141,2022-08-22,20220822,8,32,August,Aug,3,2022,202208,2,1,2023,n,2021-08-25
20220826,2022-08-26,5,26,969,Friday,Fri,y,35,141,2022-08-22,20220822,8,32,August,Aug,3,2022,202208,2,1,2023,n,2021-08-26
20220827,2022-08-27,6,27,970,Saturday,Sat,n,35,141,2022-08-22,20220822,8,32,August,Aug,3,2022,202208,2,1,2023,n,2021-08-27
20220828,2022-08-28,7,28,971,Sunday,Sun,n,35,141,2022-08-22,20220822,8,32,August,Aug,3,2022,202208,2,1,2023,n,2021-08-28
20220829,2022-08-29,1,29,972,Monday,Mon,y,36,142,2022-08-29,20220829,8,32,August,Aug,3,2022,202208,2,1,2023,n,2021-08-29
20220830,2022-08-30,2,30,973,Tuesday,Tue,y,36,142,2022-08-29,20220829,8,32,August,Aug,3,2022,202208,2,1,2023,n,2021-08-30
20220831,2022-08-31,3,31,974,Wednesday,Wed,y,36,142,2022-08-29,20220829,8,32,August,Aug,3,2022,202208,2,1,2023,y,2021-08-31
20220901,2022-09-01,4,1,975,Thursday,Thu,y,36,142,2022-08-29,20220829,9,33,September,Sep,3,2022,202209,3,1,2023,n,2021-09-01
20220902,2022-09-02,5,2,976,Friday,Fri,y,36,142,2022-08-29,20220829,9,33,September,Sep,3,2022,202209,3,1,2023,n,2021-09-02
20220903,2022-09-03,6,3,977,Saturday,Sat,n,36,142,2022-08-29,20220829,9,33,September,Sep,3,2022,202209,3,1,2023,n,2021-09-03
20220904,2022-09-04,7,4,978,Sunday,Sun,n,36,142,2022-08-29,20220829,9,33,September,Sep,3,2022,202209,3,1,2023,n,2021-09-04
20220905,2022-09-05,1,5,979,Monday,Mon,y,37,143,2022-09-05,20220905,9,33,September,Sep,3,2022,202209,3,1,2023,n,2021-09-05
20220906,2022-09-06,2,6,980,Tuesday,Tue,y,37,143,2022-09-05,20220905,9,33,September,Sep,3,2022,202209,3,1,2023,n,2021-09-06
20220907,2022-09-07,3,7,981,Wednesday,Wed,y,37,143,2022-09-05,20220905,9,33,September,Sep,3,2022,202209,3,1,2023,n,2021-09-07
20220908,2022-09-08,4,8,982,Thursday,Thu,y,37,143,2022-09-05,20220905,9,33,September,Sep,3,2022,202209,3,1,2023,n,2021-09-08
20220909,2022-09-09,5,9,983,Friday,Fri,y,37,143,2022-09-05,20220905,9,33,September,Sep,3,2022,202209,3,1,2023,n,2021-09-09
20220910,2022-09-10,6,10,984,Saturday,Sat,n,37,143,2022-09-05,20220905,9,33,September,Sep,3,2022,202209,3,1,2023,n,2021-09-10
20220911,2022-09-11,7,11,985,Sunday,Sun,n,37,143,2022-09-05,20220905,9,33,September,Sep,3,2022,202209,3,1,2023,n,2021-09-11
20220912,2022-09-12,1,12,986,Monday,Mon,y,38,144,2022-09-12,20220912,9,33,September,Sep,3,2022,202209,3,1,2023,n,2021-09-12
20220913,2022-09-13,2,13,987,Tuesday,Tue,y,38,144,2022-09-12,20220912,9,33,September,Sep,3,2022,202209,3,1,2023,n,2021-09-13
20220914,2022-09-14,3,14,988,Wednesday,Wed,y,38,144,2022-09-12,20220912,9,33,September,Sep,3,2022,202209,3,1,2023,n,2021-09-14
20220915,2022-09-15,4,15,989,Thursday,Thu,y,38,144,2022-09-12,20220912,9,33,September,Sep,3,2022,202209,3,1,2023,n,2021-09-15
20220916,2022-09-16,5,16,990,Friday,Fri,y,38,144,2022-09-12,20220912,9,33,September,Sep,3,2022,202209,3,1,2023,n,2021-09-16
20220917,2022-09-17,6,17,991,Saturday,Sat,n,38,144,2022-09-12,20220912,9,33,September,Sep,3,2022,202209,3,1,2023,n,2021-09-17
20220918,2022-09-18,7,18,992,Sunday,Sun,n,38,144,2022-09-12,20220912,9,33,September,Sep,3,2022,202209,3,1,2023,n,2021-09-18
20220919,2022-09-19,1,19,993,Monday,Mon,y,39,145,2022-09-19,20220919,9,33,September,Sep,3,2022,202209,3,1,2023,n,2021-09-19
20220920,2022-09-20,2,20,994,Tuesday,Tue,y,39,145,2022-09-19,20220919,9,33,September,Sep,3,2022,202209,3,1,2023,n,2021-09-20
20220921,2022-09-21,3,21,995,Wednesday,Wed,y,39,145,2022-09-19,20220919,9,33,September,Sep,3,2022,202209,3,1,2023,n,2021-09-21
20220922,2022-09-22,4,22,996,Thursday,Thu,y,39,145,2022-09-19,20220919,9,33,September,Sep,3,2022,202209,3,1,2023,n,2021-09-22
20220923,2022-09-23,5,23,997,Friday,Fri,y,39,145,2022-09-19,20220919,9,33,September,Sep,3,2022,202209,3,1,2023,n,2021-09-23
20220924,2022-09-24,6,24,998,Saturday,Sat,n,39,145,2022-09-19,20220919,9,33,September,Sep,3,2022,202209,3,1,2023,n,2021-09-24
20220925,2022-09-25,7,25,999,Sunday,Sun,n,39,145,2022-09-19,20220919,9,33,September,Sep,3,2022,202209,3,1,2023,n,2021-09-25
20220926,2022-09-26,1,26,1000,Monday,Mon,y,40,146,2022-09-26,20220926,9,33,September,Sep,3,2022,202209,3,1,2023,n,2021-09-26
20220927,2022-09-27,2,27,1001,Tuesday,Tue,y,40,146,2022-09-26,20220926,9,33,September,Sep,3,2022,202209,3,1,2023,n,2021-09-27
20220928,2022-09-28,3,28,1002,Wednesday,Wed,y,40,146,2022-09-26,20220926,9,33,September,Sep,3,2022,202209,3,1,2023,n,2021-09-28
20220929,2022-09-29,4,29,1003,Thursday,Thu,y,40,146,2022-09-26,20220926,9,33,September,Sep,3,2022,202209,3,1,2023,n,2021-09-29
20220930,2022-09-30,5,30,1004,Friday,Fri,y,40,146,2022-09-26,20220926,9,33,September,Sep,3,2022,202209,3,1,2023,y,2021-09-30
20221001,2022-10-01,6,1,1005,Saturday,Sat,n,40,146,2022-09-26,20220926,10,34,October,Oct,4,2022,202210,4,2,2023,n,2021-10-01
20221002,2022-10-02,7,2,1006,Sunday,Sun,n,40,146,2022-09-26,20220926,10,34,October,Oct,4,2022,202210,4,2,2023,n,2021-10-02
20221003,2022-10-03,1,3,1007,Monday,Mon,y,41,147,2022-10-03,20221003,10,34,October,Oct,4,2022,202210,4,2,2023,n,2021-10-03
20221004,2022-10-04,2,4,1008,Tuesday,Tue,y,41,147,2022-10-03,20221003,10,34,October,Oct,4,2022,202210,4,2,2023,n,2021-10-04
20221005,2022-10-05,3,5,1009,Wednesday,Wed,y,41,147,2022-10-03,20221003,10,34,October,Oct,4,2022,202210,4,2,2023,n,2021-10-05
20221006,2022-10-06,4,6,1010,Thursday,Thu,y,41,147,2022-10-03,20221003,10,34,October,Oct,4,2022,202210,4,2,2023,n,2021-10-06
20221007,2022-10-07,5,7,1011,Friday,Fri,y,41,147,2022-10-03,20221003,10,34,October,Oct,4,2022,202210,4,2,2023,n,2021-10-07
20221008,2022-10-08,6,8,1012,Saturday,Sat,n,41,147,2022-10-03,20221003,10,34,October,Oct,4,2022,202210,4,2,2023,n,2021-10-08
20221009,2022-10-09,7,9,1013,Sunday,Sun,n,41,147,2022-10-03,20221003,10,34,October,Oct,4,2022,202210,4,2,2023,n,2021-10-09
20221010,2022-10-10,1,10,1014,Monday,Mon,y,42,148,2022-10-10,20221010,10,34,October,Oct,4,2022,202210,4,2,2023,n,2021-10-10
20221011,2022-10-11,2,11,1015,Tuesday,Tue,y,42,148,2022-10-10,20221010,10,34,October,Oct,4,2022,202210,4,2,2023,n,2021-10-11
20221012,2022-10-12,3,12,1016,Wednesday,Wed,y,42,148,2022-10-10,20221010,10,34,October,Oct,4,2022,202210,4,2,2023,n,2021-10-12
20221013,2022-10-13,4,13,1017,Thursday,Thu,y,42,148,2022-10-10,20221010,10,34,October,Oct,4,2022,202210,4,2,2023,n,2021-10-13
20221014,2022-10-14,5,14,1018,Friday,Fri,y,42,148,2022-10-10,20221010,10,34,October,Oct,4,2022,202210,4,2,2023,n,2021-10-14
20221015,2022-10-15,6,15,1019,Saturday,Sat,n,42,148,2022-10-10,20221010,10,34,October,Oct,4,2022,202210,4,2,2023,n,2021-10-15
20221016,2022-10-16,7,16,1020,Sunday,Sun,n,42,148,2022-10-10,20221010,10,34,October,Oct,4,2022,202210,4,2,2023,n,2021-10-16
20221017,2022-10-17,1,17,1021,Monday,Mon,y,43,149,2022-10-17,20221017,10,34,October,Oct,4,2022,202210,4,2,2023,n,2021-10-17
20221018,2022-10-18,2,18,1022,Tuesday,Tue,y,43,149,2022-10-17,20221017,10,34,October,Oct,4,2022,202210,4,2,2023,n,2021-10-18
20221019,2022-10-19,3,19,1023,Wednesday,Wed,y,43,149,2022-10-17,20221017,10,34,October,Oct,4,2022,202210,4,2,2023,n,2021-10-19
20221020,2022-10-20,4,20,1024,Thursday,Thu,y,43,149,2022-10-17,20221017,10,34,October,Oct,4,2022,202210,4,2,2023,n,2021-10-20
20221021,2022-10-21,5,21,1025,Friday,Fri,y,43,149,2022-10-17,20221017,10,34,October,Oct,4,2022,202210,4,2,2023,n,2021-10-21
20221022,2022-10-22,6,22,1026,Saturday,Sat,n,43,149,2022-10-17,20221017,10,34,October,Oct,4,2022,202210,4,2,2023,n,2021-10-22
20221023,2022-10-23,7,23,1027,Sunday,Sun,n,43,149,2022-10-17,20221017,10,34,October,Oct,4,2022,202210,4,2,2023,n,2021-10-23
20221024,2022-10-24,1,24,1028,Monday,Mon,y,44,150,2022-10-24,20221024,10,34,October,Oct,4,2022,202210,4,2,2023,n,2021-10-24
20221025,2022-10-25,2,25,1029,Tuesday,Tue,y,44,150,2022-10-24,20221024,10,34,October,Oct,4,2022,202210,4,2,2023,n,2021-10-25
20221026,2022-10-26,3,26,1030,Wednesday,Wed,y,44,150,2022-10-24,20221024,10,34,October,Oct,4,2022,202210,4,2,2023,n,2021-10-26
20221027,2022-10-27,4,27,1031,Thursday,Thu,y,44,150,2022-10-24,20221024,10,34,October,Oct,4,2022,202210,4,2,2023,n,2021-10-27
20221028,2022-10-28,5,28,1032,Friday,Fri,y,44,150,2022-10-24,20221024,10,34,October,Oct,4,2022,202210,4,2,2023,n,2021-10-28
20221029,2022-10-29,6,29,1033,Saturday,Sat,n,44,150,2022-10-24,20221024,10,34,October,Oct,4,2022,202210,4,2,2023,n,2021-10-29
20221030,2022-10-30,7,30,1034,Sunday,Sun,n,44,150,2022-10-24,20221024,10,34,October,Oct,4,2022,202210,4,2,2023,n,2021-10-30
20221031,2022-10-31,1,31,1035,Monday,Mon,y,45,151,2022-10-31,20221031,10,34,October,Oct,4,2022,202210,4,2,2023,y,2021-10-31
20221101,2022-11-01,2,1,1036,Tuesday,Tue,y,45,151,2022-10-31,20221031,11,35,November,Nov,4,2022,202211,5,2,2023,n,2021-11-01
20221102,2022-11-02,3,2,1037,Wednesday,Wed,y,45,151,2022-10-31,20221031,11,35,November,Nov,4,2022,202211,5,2,2023,n,2021-11-02
20221103,2022-11-03,4,3,1038,Thursday,Thu,y,45,151,2022-10-31,20221031,11,35,November,Nov,4,2022,202211,5,2,2023,n,2021-11-03
20221104,2022-11-04,5,4,1039,Friday,Fri,y,45,151,2022-10-31,20221031,11,35,November,Nov,4,2022,202211,5,2,2023,n,2021-11-04
20221105,2022-11-05,6,5,1040,Saturday,Sat,n,45,151,2022-10-31,20221031,11,35,November,Nov,4,2022,202211,5,2,2023,n,2021-11-05
20221106,2022-11-06,7,6,1041,Sunday,Sun,n,45,151,2022-10-31,20221031,11,35,November,Nov,4,2022,202211,5,2,2023,n,2021-11-06
20221107,2022-11-07,1,7,1042,Monday,Mon,y,46,152,2022-11-07,20221107,11,35,November,Nov,4,2022,202211,5,2,2023,n,2021-11-07
20221108,2022-11-08,2,8,1043,Tuesday,Tue,y,46,152,2022-11-07,20221107,11,35,November,Nov,4,2022,202211,5,2,2023,n,2021-11-08
20221109,2022-11-09,3,9,1044,Wednesday,Wed,y,46,152,2022-11-07,20221107,11,35,November,Nov,4,2022,202211,5,2,2023,n,2021-11-09
20221110,2022-11-10,4,10,1045,Thursday,Thu,y,46,152,2022-11-07,20221107,11,35,November,Nov,4,2022,202211,5,2,2023,n,2021-11-10
20221111,2022-11-11,5,11,1046,Friday,Fri,y,46,152,2022-11-07,20221107,11,35,November,Nov,4,2022,202211,5,2,2023,n,2021-11-11
20221112,2022-11-12,6,12,1047,Saturday,Sat,n,46,152,2022-11-07,20221107,11,35,November,Nov,4,2022,202211,5,2,2023,n,2021-11-12
20221113,2022-11-13,7,13,1048,Sunday,Sun,n,46,152,2022-11-07,20221107,11,35,November,Nov,4,2022,202211,5,2,2023,n,2021-11-13
20221114,2022-11-14,1,14,1049,Monday,Mon,y,47,153,2022-11-14,20221114,11,35,November,Nov,4,2022,202211,5,2,2023,n,2021-11-14
20221115,2022-11-15,2,15,1050,Tuesday,Tue,y,47,153,2022-11-14,20221114,11,35,November,Nov,4,2022,202211,5,2,2023,n,2021-11-15
20221116,2022-11-16,3,16,1051,Wednesday,Wed,y,47,153,2022-11-14,20221114,11,35,November,Nov,4,2022,202211,5,2,2023,n,2021-11-16
20221117,2022-11-17,4,17,1052,Thursday,Thu,y,47,153,2022-11-14,20221114,11,35,November,Nov,4,2022,202211,5,2,2023,n,2021-11-17
20221118,2022-11-18,5,18,1053,Friday,Fri,y,47,153,2022-11-14,20221114,11,35,November,Nov,4,2022,202211,5,2,2023,n,2021-11-18
20221119,2022-11-19,6,19,1054,Saturday,Sat,n,47,153,2022-11-14,20221114,11,35,November,Nov,4,2022,202211,5,2,2023,n,2021-11-19
20221120,2022-11-20,7,20,1055,Sunday,Sun,n,47,153,2022-11-14,20221114,11,35,November,Nov,4,2022,202211,5,2,2023,n,2021-11-20
20221121,2022-11-21,1,21,1056,Monday,Mon,y,48,154,2022-11-21,20221121,11,35,November,Nov,4,2022,202211,5,2,2023,n,2021-11-21
20221122,2022-11-22,2,22,1057,Tuesday,Tue,y,48,154,2022-11-21,20221121,11,35,November,Nov,4,2022,202211,5,2,2023,n,2021-11-22
20221123,2022-11-23,3,23,1058,Wednesday,Wed,y,48,154,2022-11-21,20221121,11,35,November,Nov,4,2022,202211,5,2,2023,n,2021-11-23
20221124,2022-11-24,4,24,1059,Thursday,Thu,y,48,154,2022-11-21,20221121,11,35,November,Nov,4,2022,202211,5,2,2023,n,2021-11-24
20221125,2022-11-25,5,25,1060,Friday,Fri,y,48,154,2022-11-21,20221121,11,35,November,Nov,4,2022,202211,5,2,2023,n,2021-11-25
20221126,2022-11-26,6,26,1061,Saturday,Sat,n,48,154,2022-11-21,20221121,11,35,November,Nov,4,2022,202211,5,2,2023,n,2021-11-26
20221127,2022-11-27,7,27,1062,Sunday,Sun,n,48,154,2022-11-21,20221121,11,35,November,Nov,4,2022,202211,5,2,2023,n,2021-11-27
20221128,2022-11-28,1,28,1063,Monday,Mon,y,49,155,2022-11-28,20221128,11,35,November,Nov,4,2022,202211,5,2,2023,n,2021-11-28
20221129,2022-11-29,2,29,1064,Tuesday,Tue,y,49,155,2022-11-28,20221128,11,35,November,Nov,4,2022,202211,5,2,2023,n,2021-11-29
20221130,2022-11-30,3,30,1065,Wednesday,Wed,y,49,155,2022-11-28,20221128,11,35,November,Nov,4,2022,202211,5,2,2023,y,2021-11-30
20221201,2022-12-01,4,1,1066,Thursday,Thu,y,49,155,2022-11-28,20221128,12,36,December,Dec,4,2022,202212,6,2,2023,n,2021-12-01
20221202,2022-12-02,5,2,1067,Friday,Fri,y,49,155,2022-11-28,20221128,12,36,December,Dec,4,2022,202212,6,2,2023,n,2021-12-02
20221203,2022-12-03,6,3,1068,Saturday,Sat,n,49,155,2022-11-28,20221128,12,36,December,Dec,4,2022,202212,6,2,2023,n,2021-12-03
20221204,2022-12-04,7,4,1069,Sunday,Sun,n,49,155,2022-11-28,20221128,12,36,December,Dec,4,2022,202212,6,2,2023,n,2021-12-04
20221205,2022-12-05,1,5,1070,Monday,Mon,y,50,156,2022-12-05,20221205,12,36,December,Dec,4,2022,202212,6,2,2023,n,2021-12-05
20221206,2022-12-06,2,6,1071,Tuesday,Tue,y,50,156,2022-12-05,20221205,12,36,December,Dec,4,2022,202212,6,2,2023,n,2021-12-06
20221207,2022-12-07,3,7,1072,Wednesday,Wed,y,50,156,2022-12-05,20221205,12,36,December,Dec,4,2022,202212,6,2,2023,n,2021-12-07
20221208,2022-12-08,4,8,1073,Thursday,Thu,y,50,156,2022-12-05,20221205,12,36,December,Dec,4,2022,202212,6,2,2023,n,2021-12-08
20221209,2022-12-09,5,9,1074,Friday,Fri,y,50,156,2022-12-05,20221205,12,36,December,Dec,4,2022,202212,6,2,2023,n,2021-12-09
20221210,2022-12-10,6,10,1075,Saturday,Sat,n,50,156,2022-12-05,20221205,12,36,December,Dec,4,2022,202212,6,2,2023,n,2021-12-10
20221211,2022-12-11,7,11,1076,Sunday,Sun,n,50,156,2022-12-05,20221205,12,36,December,Dec,4,2022,202212,6,2,2023,n,2021-12-11
20221212,2022-12-12,1,12,1077,Monday,Mon,y,51,157,2022-12-12,20221212,12,36,December,Dec,4,2022,202212,6,2,2023,n,2021-12-12
20221213,2022-12-13,2,13,1078,Tuesday,Tue,y,51,157,2022-12-12,20221212,12,36,December,Dec,4,2022,202212,6,2,2023,n,2021-12-13
20221214,2022-12-14,3,14,1079,Wednesday,Wed,y,51,157,2022-12-12,20221212,12,36,December,Dec,4,2022,202212,6,2,2023,n,2021-12-14
20221215,2022-12-15,4,15,1080,Thursday,Thu,y,51,157,2022-12-12,20221212,12,36,December,Dec,4,2022,202212,6,2,2023,n,2021-12-15
20221216,2022-12-16,5,16,1081,Friday,Fri,y,51,157,2022-12-12,20221212,12,36,December,Dec,4,2022,202212,6,2,2023,n,2021-12-16
20221217,2022-12-17,6,17,1082,Saturday,Sat,n,51,157,2022-12-12,20221212,12,36,December,Dec,4,2022,202212,6,2,2023,n,2021-12-17
20221218,2022-12-18,7,18,1083,Sunday,Sun,n,51,157,2022-12-12,20221212,12,36,December,Dec,4,2022,202212,6,2,2023,n,2021-12-18
20221219,2022-12-19,1,19,1084,Monday,Mon,y,52,158,2022-12-19,20221219,12,36,December,Dec,4,2022,202212,6,2,2023,n,2021-12-19
20221220,2022-12-20,2,20,1085,Tuesday,Tue,y,52,158,2022-12-19,20221219,12,36,December,Dec,4,2022,202212,6,2,2023,n,2021-12-20
20221221,2022-12-21,3,21,1086,Wednesday,Wed,y,52,158,2022-12-19,20221219,12,36,December,Dec,4,2022,202212,6,2,2023,n,2021-12-21
20221222,2022-12-22,4,22,1087,Thursday,Thu,y,52,158,2022-12-19,20221219,12,36,December,Dec,4,2022,202212,6,2,2023,n,2021-12-22
20221223,2022-12-23,5,23,1088,Friday,Fri,y,52,158,2022-12-19,20221219,12,36,December,Dec,4,2022,202212,6,2,2023,n,2021-12-23
20221224,2022-12-24,6,24,1089,Saturday,Sat,n,52,158,2022-12-19,20221219,12,36,December,Dec,4,2022,202212,6,2,2023,n,2021-12-24
20221225,2022-12-25,7,25,1090,Sunday,Sun,n,52,158,2022-12-19,20221219,12,36,December,Dec,4,2022,202212,6,2,2023,n,2021-12-25
20221226,2022-12-26,1,26,1091,Monday,Mon,y,53,159,2022-12-26,20221226,12,36,December,Dec,4,2022,202212,6,2,2023,n,2021-12-26
20221227,2022-12-27,2,27,1092,Tuesday,Tue,y,53,159,2022-12-26,20221226,12,36,December,Dec,4,2022,202212,6,2,2023,n,2021-12-27
20221228,2022-12-28,3,28,1093,Wednesday,Wed,y,53,159,2022-12-26,20221226,12,36,December,Dec,4,2022,202212,6,2,2023,n,2021-12-28
20221229,2022-12-29,4,29,1094,Thursday,Thu,y,53,159,2022-12-26,20221226,12,36,December,Dec,4,2022,202212,6,2,2023,n,2021-12-29
20221230,2022-12-30,5,30,1095,Friday,Fri,y,53,159,2022-12-26,20221226,12,36,December,Dec,4,2022,202212,6,2,2023,n,2021-12-30
20221231,2022-12-31,6,31,1096,Saturday,Sat,n,53,159,2022-12-26,20221226,12,36,December,Dec,4,2022,202212,6,2,2023,y,2021-12-31
20230101,2023-01-01,7,1,1097,Sunday,Sun,n,1,160,2022-12-26,20221226,1,37,January,Jan,1,2023,202301,7,3,2023,n,2022-01-01
20230102,2023-01-02,1,2,1098,Monday,Mon,y,2,161,2023-01-02,20230102,1,37,January,Jan,1,2023,202301,7,3,2023,n,2022-01-02
20230103,2023-01-03,2,3,1099,Tuesday,Tue,y,2,161,2023-01-02,20230102,1,37,January,Jan,1,2023,202301,7,3,2023,n,2022-01-03
20230104,2023-01-04,3,4,1100,Wednesday,Wed,y,2,161,2023-01-02,20230102,1,37,January,Jan,1,2023,202301,7,3,2023,n,2022-01-04
20230105,2023-01-05,4,5,1101,Thursday,Thu,y,2,161,2023-01-02,20230102,1,37,January,Jan,1,2023,202301,7,3,2023,n,2022-01-05
20230106,2023-01-06,5,6,1102,Friday,Fri,y,2,161,2023-01-02,20230102,1,37,January,Jan,1,2023,202301,7,3,2023,n,2022-01-06
20230107,2023-01-07,6,7,1103,Saturday,Sat,n,2,161,2023-01-02,20230102,1,37,January,Jan,1,2023,202301,7,3,2023,n,2022-01-07
20230108,2023-01-08,7,8,1104,Sunday,Sun,n,2,161,2023-01-02,20230102,1,37,January,Jan,1,2023,202301,7,3,2023,n,2022-01-08
20230109,2023-01-09,1,9,1105,Monday,Mon,y,3,162,2023-01-09,20230109,1,37,January,Jan,1,2023,202301,7,3,2023,n,2022-01-09
20230110,2023-01-10,2,10,1106,Tuesday,Tue,y,3,162,2023-01-09,20230109,1,37,January,Jan,1,2023,202301,7,3,2023,n,2022-01-10
20230111,2023-01-11,3,11,1107,Wednesday,Wed,y,3,162,2023-01-09,20230109,1,37,January,Jan,1,2023,202301,7,3,2023,n,2022-01-11
20230112,2023-01-12,4,12,1108,Thursday,Thu,y,3,162,2023-01-09,20230109,1,37,January,Jan,1,2023,202301,7,3,2023,n,2022-01-12
20230113,2023-01-13,5,13,1109,Friday,Fri,y,3,162,2023-01-09,20230109,1,37,January,Jan,1,2023,202301,7,3,2023,n,2022-01-13
20230114,2023-01-14,6,14,1110,Saturday,Sat,n,3,162,2023-01-09,20230109,1,37,January,Jan,1,2023,202301,7,3,2023,n,2022-01-14
20230115,2023-01-15,7,15,1111,Sunday,Sun,n,3,162,2023-01-09,20230109,1,37,January,Jan,1,2023,202301,7,3,2023,n,2022-01-15
20230116,2023-01-16,1,16,1112,Monday,Mon,y,4,163,2023-01-16,20230116,1,37,January,Jan,1,2023,202301,7,3,2023,n,2022-01-16
20230117,2023-01-17,2,17,1113,Tuesday,Tue,y,4,163,2023-01-16,20230116,1,37,January,Jan,1,2023,202301,7,3,2023,n,2022-01-17
20230118,2023-01-18,3,18,1114,Wednesday,Wed,y,4,163,2023-01-16,20230116,1,37,January,Jan,1,2023,202301,7,3,2023,n,2022-01-18
20230119,2023-01-19,4,19,1115,Thursday,Thu,y,4,163,2023-01-16,20230116,1,37,January,Jan,1,2023,202301,7,3,2023,n,2022-01-19
20230120,2023-01-20,5,20,1116,Friday,Fri,y,4,163,2023-01-16,20230116,1,37,January,Jan,1,2023,202301,7,3,2023,n,2022-01-20
20230121,2023-01-21,6,21,1117,Saturday,Sat,n,4,163,2023-01-16,20230116,1,37,January,Jan,1,2023,202301,7,3,2023,n,2022-01-21
20230122,2023-01-22,7,22,1118,Sunday,Sun,n,4,163,2023-01-16,20230116,1,37,January,Jan,1,2023,202301,7,3,2023,n,2022-01-22
20230123,2023-01-23,1,23,1119,Monday,Mon,y,5,164,2023-01-23,20230123,1,37,January,Jan,1,2023,202301,7,3,2023,n,2022-01-23
20230124,2023-01-24,2,24,1120,Tuesday,Tue,y,5,164,2023-01-23,20230123,1,37,January,Jan,1,2023,202301,7,3,2023,n,2022-01-24
20230125,2023-01-25,3,25,1121,Wednesday,Wed,y,5,164,2023-01-23,20230123,1,37,January,Jan,1,2023,202301,7,3,2023,n,2022-01-25
20230126,2023-01-26,4,26,1122,Thursday,Thu,y,5,164,2023-01-23,20230123,1,37,January,Jan,1,2023,202301,7,3,2023,n,2022-01-26
20230127,2023-01-27,5,27,1123,Friday,Fri,y,5,164,2023-01-23,20230123,1,37,January,Jan,1,2023,202301,7,3,2023,n,2022-01-27
20230128,2023-01-28,6,28,1124,Saturday,Sat,n,5,164,2023-01-23,20230123,1,37,January,Jan,1,2023,202301,7,3,2023,n,2022-01-28
20230129,2023-01-29,7,29,1125,Sunday,Sun,n,5,164,2023-01-23,20230123,1,37,January,Jan,1,2023,202301,7,3,2023,n,2022-01-29
20230130,2023-01-30,1,30,1126,Monday,Mon,y,6,165,2023-01-30,20230130,1,37,January,Jan,1,2023,202301,7,3,2023,n,2022-01-30
20230131,2023-01-31,2,31,1127,Tuesday,Tue,y,6,165,2023-01-30,20230130,1,37,January,Jan,1,2023,202301,7,3,2023,y,2022-01-31
20230201,2023-02-01,3,1,1128,Wednesday,Wed,y,6,165,2023-01-30,20230130,2,38,February,Feb,1,2023,202302,8,3,2023,n,2022-02-01
20230202,2023-02-02,4,2,1129,Thursday,Thu,y,6,165,2023-01-30,20230130,2,38,February,Feb,1,2023,202302,8,3,2023,n,2022-02-02
20230203,2023-02-03,5,3,1130,Friday,Fri,y,6,165,2023-01-30,20230130,2,38,February,Feb,1,2023,202302,8,3,2023,n,2022-02-03
20230204,2023-02-04,6,4,1131,Saturday,Sat,n,6,165,2023-01-30,20230130,2,38,February,Feb,1,2023,202302,8,3,2023,n,2022-02-04
20230205,2023-02-05,7,5,1132,Sunday,Sun,n,6,165,2023-01-30,20230130,2,38,February,Feb,1,2023,202302,8,3,2023,n,2022-02-05
20230206,2023-02-06,1,6,1133,Monday,Mon,y,7,166,2023-02-06,20230206,2,38,February,Feb,1,2023,202302,8,3,2023,n,2022-02-06
20230207,2023-02-07,2,7,1134,Tuesday,Tue,y,7,166,2023-02-06,20230206,2,38,February,Feb,1,2023,202302,8,3,2023,n,2022-02-07
20230208,2023-02-08,3,8,1135,Wednesday,Wed,y,7,166,2023-02-06,20230206,2,38,February,Feb,1,2023,202302,8,3,2023,n,2022-02-08
20230209,2023-02-09,4,9,1136,Thursday,Thu,y,7,166,2023-02-06,20230206,2,38,February,Feb,1,2023,202302,8,3,2023,n,2022-02-09
20230210,2023-02-10,5,10,1137,Friday,Fri,y,7,166,2023-02-06,20230206,2,38,February,Feb,1,2023,202302,8,3,2023,n,2022-02-10
20230211,2023-02-11,6,11,1138,Saturday,Sat,n,7,166,2023-02-06,20230206,2,38,February,Feb,1,2023,202302,8,3,2023,n,2022-02-11
20230212,2023-02-12,7,12,1139,Sunday,Sun,n,7,166,2023-02-06,20230206,2,38,February,Feb,1,2023,202302,8,3,2023,n,2022-02-12
20230213,2023-02-13,1,13,1140,Monday,Mon,y,8,167,2023-02-13,20230213,2,38,February,Feb,1,2023,202302,8,3,2023,n,2022-02-13
20230214,2023-02-14,2,14,1141,Tuesday,Tue,y,8,167,2023-02-13,20230213,2,38,February,Feb,1,2023,202302,8,3,2023,n,2022-02-14
20230215,2023-02-15,3,15,1142,Wednesday,Wed,y,8,167,2023-02-13,20230213,2,38,February,Feb,1,2023,202302,8,3,2023,n,2022-02-15
20230216,2023-02-16,4,16,1143,Thursday,Thu,y,8,167,2023-02-13,20230213,2,38,February,Feb,1,2023,202302,8,3,2023,n,2022-02-16
20230217,2023-02-17,5,17,1144,Friday,Fri,y,8,167,2023-02-13,20230213,2,38,February,Feb,1,2023,202302,8,3,2023,n,2022-02-17
20230218,2023-02-18,6,18,1145,Saturday,Sat,n,8,167,2023-02-13,20230213,2,38,February,Feb,1,2023,202302,8,3,2023,n,2022-02-18
20230219,2023-02-19,7,19,1146,Sunday,Sun,n,8,167,2023-02-13,20230213,2,38,February,Feb,1,2023,202302,8,3,2023,n,2022-02-19
20230220,2023-02-20,1,20,1147,Monday,Mon,y,9,168,2023-02-20,20230220,2,38,February,Feb,1,2023,202302,8,3,2023,n,2022-02-20
20230221,2023-02-21,2,21,1148,Tuesday,Tue,y,9,168,2023-02-20,20230220,2,38,February,Feb,1,2023,202302,8,3,2023,n,2022-02-21
20230222,2023-02-22,3,22,1149,Wednesday,Wed,y,9,168,2023-02-20,20230220,2,38,February,Feb,1,2023,202302,8,3,2023,n,2022-02-22
20230223,2023-02-23,4,23,1150,Thursday,Thu,y,9,168,2023-02-20,20230220,2,38,February,Feb,1,2023,202302,8,3,2023,n,2022-02-23
20230224,2023-02-24,5,24,1151,Friday,Fri,y,9,168,2023-02-20,20230220,2,38,February,Feb,1,2023,202302,8,3,2023,n,2022-02-24
20230225,2023-02-25,6,25,1152,Saturday,Sat,n,9,168,2023-02-20,20230220,2,38,February,Feb,1,2023,202302,8,3,2023,n,2022-02-25
20230226,2023-02-26,7,26,1153,Sunday,Sun,n,9,168,2023-02-20,20230220,2,38,February,Feb,1,2023,202302,8,3,2023,n,2022-02-26
20230227,2023-02-27,1,27,1154,Monday,Mon,y,10,169,2023-02-27,20230227,2,38,February,Feb,1,2023,202302,8,3,2023,n,2022-02-27
20230228,2023-02-28,2,28,1155,Tuesday,Tue,y,10,169,2023-02-27,20230227,2,38,February,Feb,1,2023,202302,8,3,2023,y,2022-02-28
20230301,2023-03-01,3,1,1156,Wednesday,Wed,y,10,169,2023-02-27,20230227,3,39,March,Mar,1,2023,202303,9,3,2023,n,2022-03-01
20230302,2023-03-02,4,2,1157,Thursday,Thu,y,10,169,2023-02-27,20230227,3,39,March,Mar,1,2023,202303,9,3,2023,n,2022-03-02
20230303,2023-03-03,5,3,1158,Friday,Fri,y,10,169,2023-02-27,20230227,3,39,March,Mar,1,2023,202303,9,3,2023,n,2022-03-03
20230304,2023-03-04,6,4,1159,Saturday,Sat,n,10,169,2023-02-27,20230227,3,39,March,Mar,1,2023,202303,9,3,2023,n,2022-03-04
20230305,2023-03-05,7,5,1160,Sunday,Sun,n,10,169,2023-02-27,20230227,3,39,March,Mar,1,2023,202303,9,3,2023,n,2022-03-05
20230306,2023-03-06,1,6,1161,Monday,Mon,y,11,170,2023-03-06,20230306,3,39,March,Mar,1,2023,202303,9,3,2023,n,2022-03-06
20230307,2023-03-07,2,7,1162,Tuesday,Tue,y,11,170,2023-03-06,20230306,3,39,March,Mar,1,2023,202303,9,3,2023,n,2022-03-07
20230308,2023-03-08,3,8,1163,Wednesday,Wed,y,11,170,2023-03-06,20230306,3,39,March,Mar,1,2023,202303,9,3,2023,n,2022-03-08
20230309,2023-03-09,4,9,1164,Thursday,Thu,y,11,170,2023-03-06,20230306,3,39,March,Mar,1,2023,202303,9,3,2023,n,2022-03-09
20230310,2023-03-10,5,10,1165,Friday,Fri,y,11,170,2023-03-06,20230306,3,39,March,Mar,1,2023,202303,9,3,2023,n,2022-03-10
20230311,2023-03-11,6,11,1166,Saturday,Sat,n,11,170,2023-03-06,20230306,3,39,March,Mar,1,2023,202303,9,3,2023,n,2022-03-11
20230312,2023-03-12,7,12,1167,Sunday,Sun,n,11,170,2023-03-06,20230306,3,39,March,Mar,1,2023,202303,9,3,2023,n,2022-03-12
20230313,2023-03-13,1,13,1168,Monday,Mon,y,12,171,2023-03-13,20230313,3,39,March,Mar,1,2023,202303,9,3,2023,n,2022-03-13
20230314,2023-03-14,2,14,1169,Tuesday,Tue,y,12,171,2023-03-13,20230313,3,39,March,Mar,1,2023,202303,9,3,2023,n,2022-03-14
20230315,2023-03-15,3,15,1170,Wednesday,Wed,y,12,171,2023-03-13,20230313,3,39,March,Mar,1,2023,202303,9,3,2023,n,2022-03-15
20230316,2023-03-16,4,16,1171,Thursday,Thu,y,12,171,2023-03-13,20230313,3,39,March,Mar,1,2023,202303,9,3,2023,n,2022-03-16
20230317,2023-03-17,5,17,1172,Friday,Fri,y,12,171,2023-03-13,20230313,3,39,March,Mar,1,2023,202303,9,3,2023,n,2022-03-17
20230318,2023-03-18,6,18,1173,Saturday,Sat,n,12,171,2023-03-13,20230313,3,39,March,Mar,1,2023,202303,9,3,2023,n,2022-03-18
20230319,2023-03-19,7,19,1174,Sunday,Sun,n,12,171,2023-03-13,20230313,3,39,March,Mar,1,2023,202303,9,3,2023,n,2022-03-19
20230320,2023-03-20,1,20,1175,Monday,Mon,y,13,172,2023-03-20,20230320,3,39,March,Mar,1,2023,202303,9,3,2023,n,2022-03-20
20230321,2023-03-21,2,21,1176,Tuesday,Tue,y,13,172,2023-03-20,20230320,3,39,March,Mar,1,2023,202303,9,3,2023,n,2022-03-21
20230322,2023-03-22,3,22,1177,Wednesday,Wed,y,13,172,2023-03-20,20230320,3,39,March,Mar,1,2023,202303,9,3,2023,n,2022-03-22
20230323,2023-03-23,4,23,1178,Thursday,Thu,y,13,172,2023-03-20,20230320,3,39,March,Mar,1,2023,202303,9,3,2023,n,2022-03-23
20230324,2023-03-24,5,24,1179,Friday,Fri,y,13,172,2023-03-20,20230320,3,39,March,Mar,1,2023,202303,9,3,2023,n,2022-03-24
20230325,2023-03-25,6,25,1180,Saturday,Sat,n,13,172,2023-03-20,20230320,3,39,March,Mar,1,2023,202303,9,3,2023,n,2022-03-25
20230326,2023-03-26,7,26,1181,Sunday,Sun,n,13,172,2023-03-20,20230320,3,39,March,Mar,1,2023,202303,9,3,2023,n,2022-03-26
20230327,2023-03-27,1,27,1182,Monday,Mon,y,14,173,2023-03-27,20230327,3,39,March,Mar,1,2023,202303,9,3,2023,n,2022-03-27
20230328,2023-03-28,2,28,1183,Tuesday,Tue,y,14,173,2023-03-27,20230327,3,39,March,Mar,1,2023,202303,9,3,2023,n,2022-03-28
20230329,2023-03-29,3,29,1184,Wednesday,Wed,y,14,173,2023-03-27,20230327,3,39,March,Mar,1,2023,202303,9,3,2023,n,2022-03-29
20230330,2023-03-30,4,30,1185,Thursday,Thu,y,14,173,2023-03-27,20230327,3,39,March,Mar,1,2023,202303,9,3,2023,n,2022-03-30
20230331,2023-03-31,5,31,1186,Friday,Fri,y,14,173,2023-03-27,20230327,3,39,March,Mar,1,2023,202303,9,3,2023,y,2022-03-31
20230401,2023-04-01,6,1,1187,Saturday,Sat,n,14,173,2023-03-27,20230327,4,40,April,Apr,2,2023,202304,10,4,2023,n,2022-04-01
20230402,2023-04-02,7,2,1188,Sunday,Sun,n,14,173,2023-03-27,20230327,4,40,April,Apr,2,2023,202304,10,4,2023,n,2022-04-02
20230403,2023-04-03,1,3,1189,Monday,Mon,y,15,174,2023-04-03,20230403,4,40,April,Apr,2,2023,202304,10,4,2023,n,2022-04-03
20230404,2023-04-04,2,4,1190,Tuesday,Tue,y,15,174,2023-04-03,20230403,4,40,April,Apr,2,2023,202304,10,4,2023,n,2022-04-04
20230405,2023-04-05,3,5,1191,Wednesday,Wed,y,15,174,2023-04-03,20230403,4,40,April,Apr,2,2023,202304,10,4,2023,n,2022-04-05
20230406,2023-04-06,4,6,1192,Thursday,Thu,y,15,174,2023-04-03,20230403,4,40,April,Apr,2,2023,202304,10,4,2023,n,2022-04-06
20230407,2023-04-07,5,7,1193,Friday,Fri,y,15,174,2023-04-03,20230403,4,40,April,Apr,2,2023,202304,10,4,2023,n,2022-04-07
20230408,2023-04-08,6,8,1194,Saturday,Sat,n,15,174,2023-04-03,20230403,4,40,April,Apr,2,2023,202304,10,4,2023,n,2022-04-08
20230409,2023-04-09,7,9,1195,Sunday,Sun,n,15,174,2023-04-03,20230403,4,40,April,Apr,2,2023,202304,10,4,2023,n,2022-04-09
20230410,2023-04-10,1,10,1196,Monday,Mon,y,16,175,2023-04-10,20230410,4,40,April,Apr,2,2023,202304,10,4,2023,n,2022-04-10
20230411,2023-04-11,2,11,1197,Tuesday,Tue,y,16,175,2023-04-10,20230410,4,40,April,Apr,2,2023,202304,10,4,2023,n,2022-04-11
20230412,2023-04-12,3,12,1198,Wednesday,Wed,y,16,175,2023-04-10,20230410,4,40,April,Apr,2,2023,202304,10,4,2023,n,2022-04-12
20230413,2023-04-13,4,13,1199,Thursday,Thu,y,16,175,2023-04-10,20230410,4,40,April,Apr,2,2023,202304,10,4,2023,n,2022-04-13
20230414,2023-04-14,5,14,1200,Friday,Fri,y,16,175,2023-04-10,20230410,4,40,April,Apr,2,2023,202304,10,4,2023,n,2022-04-14
20230415,2023-04-15,6,15,1201,Saturday,Sat,n,16,175,2023-04-10,20230410,4,40,April,Apr,2,2023,202304,10,4,2023,n,2022-04-15
20230416,2023-04-16,7,16,1202,Sunday,Sun,n,16,175,2023-04-10,20230410,4,40,April,Apr,2,2023,202304,10,4,2023,n,2022-04-16
20230417,2023-04-17,1,17,1203,Monday,Mon,y,17,176,2023-04-17,20230417,4,40,April,Apr,2,2023,202304,10,4,2023,n,2022-04-17
20230418,2023-04-18,2,18,1204,Tuesday,Tue,y,17,176,2023-04-17,20230417,4,40,April,Apr,2,2023,202304,10,4,2023,n,2022-04-18
20230419,2023-04-19,3,19,1205,Wednesday,Wed,y,17,176,2023-04-17,20230417,4,40,April,Apr,2,2023,202304,10,4,2023,n,2022-04-19
20230420,2023-04-20,4,20,1206,Thursday,Thu,y,17,176,2023-04-17,20230417,4,40,April,Apr,2,2023,202304,10,4,2023,n,2022-04-20
20230421,2023-04-21,5,21,1207,Friday,Fri,y,17,176,2023-04-17,20230417,4,40,April,Apr,2,2023,202304,10,4,2023,n,2022-04-21
20230422,2023-04-22,6,22,1208,Saturday,Sat,n,17,176,2023-04-17,20230417,4,40,April,Apr,2,2023,202304,10,4,2023,n,2022-04-22
20230423,2023-04-23,7,23,1209,Sunday,Sun,n,17,176,2023-04-17,20230417,4,40,April,Apr,2,2023,202304,10,4,2023,n,2022-04-23
20230424,2023-04-24,1,24,1210,Monday,Mon,y,18,177,2023-04-24,20230424,4,40,April,Apr,2,2023,202304,10,4,2023,n,2022-04-24
20230425,2023-04-25,2,25,1211,Tuesday,Tue,y,18,177,2023-04-24,20230424,4,40,April,Apr,2,2023,202304,10,4,2023,n,2022-04-25
20230426,2023-04-26,3,26,1212,Wednesday,Wed,y,18,177,2023-04-24,20230424,4,40,April,Apr,2,2023,202304,10,4,2023,n,2022-04-26
20230427,2023-04-27,4,27,1213,Thursday,Thu,y,18,177,2023-04-24,20230424,4,40,April,Apr,2,2023,202304,10,4,2023,n,2022-04-27
20230428,2023-04-28,5,28,1214,Friday,Fri,y,18,177,2023-04-24,20230424,4,40,April,Apr,2,2023,202304,10,4,2023,n,2022-04-28
20230429,2023-04-29,6,29,1215,Saturday,Sat,n,18,177,2023-04-24,20230424,4,40,April,Apr,2,2023,202304,10,4,2023,n,2022-04-29
20230430,2023-04-30,7,30,1216,Sunday,Sun,n,18,177,2023-04-24,20230424,4,40,April,Apr,2,2023,202304,10,4,2023,y,2022-04-30
20230501,2023-05-01,1,1,1217,Monday,Mon,y,19,178,2023-05-01,20230501,5,41,May,May,2,2023,202305,11,4,2023,n,2022-05-01
20230502,2023-05-02,2,2,1218,Tuesday,Tue,y,19,178,2023-05-01,20230501,5,41,May,May,2,2023,202305,11,4,2023,n,2022-05-02
20230503,2023-05-03,3,3,1219,Wednesday,Wed,y,19,178,2023-05-01,20230501,5,41,May,May,2,2023,202305,11,4,2023,n,2022-05-03
20230504,2023-05-04,4,4,1220,Thursday,Thu,y,19,178,2023-05-01,20230501,5,41,May,May,2,2023,202305,11,4,2023,n,2022-05-04
20230505,2023-05-05,5,5,1221,Friday,Fri,y,19,178,2023-05-01,20230501,5,41,May,May,2,2023,202305,11,4,2023,n,2022-05-05
20230506,2023-05-06,6,6,1222,Saturday,Sat,n,19,178,2023-05-01,20230501,5,41,May,May,2,2023,202305,11,4,2023,n,2022-05-06
20230507,2023-05-07,7,7,1223,Sunday,Sun,n,19,178,2023-05-01,20230501,5,41,May,May,2,2023,202305,11,4,2023,n,2022-05-07
20230508,2023-05-08,1,8,1224,Monday,Mon,y,20,179,2023-05-08,20230508,5,41,May,May,2,2023,202305,11,4,2023,n,2022-05-08
20230509,2023-05-09,2,9,1225,Tuesday,Tue,y,20,179,2023-05-08,20230508,5,41,May,May,2,2023,202305,11,4,2023,n,2022-05-09
20230510,2023-05-10,3,10,1226,Wednesday,Wed,y,20,179,2023-05-08,20230508,5,41,May,May,2,2023,202305,11,4,2023,n,2022-05-10
20230511,2023-05-11,4,11,1227,Thursday,Thu,y,20,179,2023-05-08,20230508,5,41,May,May,2,2023,202305,11,4,2023,n,2022-05-11
20230512,2023-05-12,5,12,1228,Friday,Fri,y,20,179,2023-05-08,20230508,5,41,May,May,2,2023,202305,11,4,2023,n,2022-05-12
20230513,2023-05-13,6,13,1229,Saturday,Sat,n,20,179,2023-05-08,20230508,5,41,May,May,2,2023,202305,11,4,2023,n,2022-05-13
20230514,2023-05-14,7,14,1230,Sunday,Sun,n,20,179,2023-05-08,20230508,5,41,May,May,2,2023,202305,11,4,2023,n,2022-05-14
20230515,2023-05-15,1,15,1231,Monday,Mon,y,21,180,2023-05-15,20230515,5,41,May,May,2,2023,202305,11,4,2023,n,2022-05-15
20230516,2023-05-16,2,16,1232,Tuesday,Tue,y,21,180,2023-05-15,20230515,5,41,May,May,2,2023,202305,11,4,2023,n,2022-05-16
20230517,2023-05-17,3,17,1233,Wednesday,Wed,y,21,180,2023-05-15,20230515,5,41,May,May,2,2023,202305,11,4,2023,n,2022-05-17
20230518,2023-05-18,4,18,1234,Thursday,Thu,y,21,180,2023-05-15,20230515,5,41,May,May,2,2023,202305,11,4,2023,n,2022-05-18
20230519,2023-05-19,5,19,1235,Friday,Fri,y,21,180,2023-05-15,20230515,5,41,May,May,2,2023,202305,11,4,2023,n,2022-05-19
20230520,2023-05-20,6,20,1236,Saturday,Sat,n,21,180,2023-05-15,20230515,5,41,May,May,2,2023,202305,11,4,2023,n,2022-05-20
20230521,2023-05-21,7,21,1237,Sunday,Sun,n,21,180,2023-05-15,20230515,5,41,May,May,2,2023,202305,11,4,2023,n,2022-05-21
20230522,2023-05-22,1,22,1238,Monday,Mon,y,22,181,2023-05-22,20230522,5,41,May,May,2,2023,202305,11,4,2023,n,2022-05-22
20230523,2023-05-23,2,23,1239,Tuesday,Tue,y,22,181,2023-05-22,20230522,5,41,May,May,2,2023,202305,11,4,2023,n,2022-05-23
20230524,2023-05-24,3,24,1240,Wednesday,Wed,y,22,181,2023-05-22,20230522,5,41,May,May,2,2023,202305,11,4,2023,n,2022-05-24
20230525,2023-05-25,4,25,1241,Thursday,Thu,y,22,181,2023-05-22,20230522,5,41,May,May,2,2023,202305,11,4,2023,n,2022-05-25
20230526,2023-05-26,5,26,1242,Friday,Fri,y,22,181,2023-05-22,20230522,5,41,May,May,2,2023,202305,11,4,2023,n,2022-05-26
20230527,2023-05-27,6,27,1243,Saturday,Sat,n,22,181,2023-05-22,20230522,5,41,May,May,2,2023,202305,11,4,2023,n,2022-05-27
20230528,2023-05-28,7,28,1244,Sunday,Sun,n,22,181,2023-05-22,20230522,5,41,May,May,2,2023,202305,11,4,2023,n,2022-05-28
20230529,2023-05-29,1,29,1245,Monday,Mon,y,23,182,2023-05-29,20230529,5,41,May,May,2,2023,202305,11,4,2023,n,2022-05-29
20230530,2023-05-30,2,30,1246,Tuesday,Tue,y,23,182,2023-05-29,20230529,5,41,May,May,2,2023,202305,11,4,2023,n,2022-05-30
20230531,2023-05-31,3,31,1247,Wednesday,Wed,y,23,182,2023-05-29,20230529,5,41,May,May,2,2023,202305,11,4,2023,y,2022-05-31
20230601,2023-06-01,4,1,1248,Thursday,Thu,y,23,182,2023-05-29,20230529,6,42,June,Jun,2,2023,202306,12,4,2023,n,2022-06-01
20230602,2023-06-02,5,2,1249,Friday,Fri,y,23,182,2023-05-29,20230529,6,42,June,Jun,2,2023,202306,12,4,2023,n,2022-06-02
20230603,2023-06-03,6,3,1250,Saturday,Sat,n,23,182,2023-05-29,20230529,6,42,June,Jun,2,2023,202306,12,4,2023,n,2022-06-03
20230604,2023-06-04,7,4,1251,Sunday,Sun,n,23,182,2023-05-29,20230529,6,42,June,Jun,2,2023,202306,12,4,2023,n,2022-06-04
20230605,2023-06-05,1,5,1252,Monday,Mon,y,24,183,2023-06-05,20230605,6,42,June,Jun,2,2023,202306,12,4,2023,n,2022-06-05
20230606,2023-06-06,2,6,1253,Tuesday,Tue,y,24,183,2023-06-05,20230605,6,42,June,Jun,2,2023,202306,12,4,2023,n,2022-06-06
20230607,2023-06-07,3,7,1254,Wednesday,Wed,y,24,183,2023-06-05,20230605,6,42,June,Jun,2,2023,202306,12,4,2023,n,2022-06-07
20230608,2023-06-08,4,8,1255,Thursday,Thu,y,24,183,2023-06-05,20230605,6,42,June,Jun,2,2023,202306,12,4,2023,n,2022-06-08
20230609,2023-06-09,5,9,1256,Friday,Fri,y,24,183,2023-06-05,20230605,6,42,June,Jun,2,2023,202306,12,4,2023,n,2022-06-09
20230610,2023-06-10,6,10,1257,Saturday,Sat,n,24,183,2023-06-05,20230605,6,42,June,Jun,2,2023,202306,12,4,2023,n,2022-06-10
20230611,2023-06-11,7,11,1258,Sunday,Sun,n,24,183,2023-06-05,20230605,6,42,June,Jun,2,2023,202306,12,4,2023,n,2022-06-11
20230612,2023-06-12,1,12,1259,Monday,Mon,y,25,184,2023-06-12,20230612,6,42,June,Jun,2,2023,202306,12,4,2023,n,2022-06-12
20230613,2023-06-13,2,13,1260,Tuesday,Tue,y,25,184,2023-06-12,20230612,6,42,June,Jun,2,2023,202306,12,4,2023,n,2022-06-13
20230614,2023-06-14,3,14,1261,Wednesday,Wed,y,25,184,2023-06-12,20230612,6,42,June,Jun,2,2023,202306,12,4,2023,n,2022-06-14
20230615,2023-06-15,4,15,1262,Thursday,Thu,y,25,184,2023-06-12,20230612,6,42,June,Jun,2,2023,202306,12,4,2023,n,2022-06-15
20230616,2023-06-16,5,16,1263,Friday,Fri,y,25,184,2023-06-12,20230612,6,42,June,Jun,2,2023,202306,12,4,2023,n,2022-06-16
20230617,2023-06-17,6,17,1264,Saturday,Sat,n,25,184,2023-06-12,20230612,6,42,June,Jun,2,2023,202306,12,4,2023,n,2022-06-17
20230618,2023-06-18,7,18,1265,Sunday,Sun,n,25,184,2023-06-12,20230612,6,42,June,Jun,2,2023,202306,12,4,2023,n,2022-06-18
20230619,2023-06-19,1,19,1266,Monday,Mon,y,26,185,2023-06-19,20230619,6,42,June,Jun,2,2023,202306,12,4,2023,n,2022-06-19
20230620,2023-06-20,2,20,1267,Tuesday,Tue,y,26,185,2023-06-19,20230619,6,42,June,Jun,2,2023,202306,12,4,2023,n,2022-06-20
20230621,2023-06-21,3,21,1268,Wednesday,Wed,y,26,185,2023-06-19,20230619,6,42,June,Jun,2,2023,202306,12,4,2023,n,2022-06-21
20230622,2023-06-22,4,22,1269,Thursday,Thu,y,26,185,2023-06-19,20230619,6,42,June,Jun,2,2023,202306,12,4,2023,n,2022-06-22
20230623,2023-06-23,5,23,1270,Friday,Fri,y,26,185,2023-06-19,20230619,6,42,June,Jun,2,2023,202306,12,4,2023,n,2022-06-23
20230624,2023-06-24,6,24,1271,Saturday,Sat,n,26,185,2023-06-19,20230619,6,42,June,Jun,2,2023,202306,12,4,2023,n,2022-06-24
20230625,2023-06-25,7,25,1272,Sunday,Sun,n,26,185,2023-06-19,20230619,6,42,June,Jun,2,2023,202306,12,4,2023,n,2022-06-25
20230626,2023-06-26,1,26,1273,Monday,Mon,y,27,186,2023-06-26,20230626,6,42,June,Jun,2,2023,202306,12,4,2023,n,2022-06-26
20230627,2023-06-27,2,27,1274,Tuesday,Tue,y,27,186,2023-06-26,20230626,6,42,June,Jun,2,2023,202306,12,4,2023,n,2022-06-27
20230628,2023-06-28,3,28,1275,Wednesday,Wed,y,27,186,2023-06-26,20230626,6,42,June,Jun,2,2023,202306,12,4,2023,n,2022-06-28
20230629,2023-06-29,4,29,1276,Thursday,Thu,y,27,186,2023-06-26,20230626,6,42,June,Jun,2,2023,202306,12,4,2023,n,2022-06-29
20230630,2023-06-30,5,30,1277,Friday,Fri,y,27,186,2023-06-26,20230626,6,42,June,Jun,2,2023,202306,12,4,2023,y,2022-06-30
20230701,2023-07-01,6,1,1278,Saturday,Sat,n,27,186,2023-06-26,20230626,7,43,July,Jul,3,2023,202307,1,1,2024,n,2022-07-01
20230702,2023-07-02,7,2,1279,Sunday,Sun,n,27,186,2023-06-26,20230626,7,43,July,Jul,3,2023,202307,1,1,2024,n,2022-07-02
20230703,2023-07-03,1,3,1280,Monday,Mon,y,28,187,2023-07-03,20230703,7,43,July,Jul,3,2023,202307,1,1,2024,n,2022-07-03
20230704,2023-07-04,2,4,1281,Tuesday,Tue,y,28,187,2023-07-03,20230703,7,43,July,Jul,3,2023,202307,1,1,2024,n,2022-07-04
20230705,2023-07-05,3,5,1282,Wednesday,Wed,y,28,187,2023-07-03,20230703,7,43,July,Jul,3,2023,202307,1,1,2024,n,2022-07-05
20230706,2023-07-06,4,6,1283,Thursday,Thu,y,28,187,2023-07-03,20230703,7,43,July,Jul,3,2023,202307,1,1,2024,n,2022-07-06
20230707,2023-07-07,5,7,1284,Friday,Fri,y,28,187,2023-07-03,20230703,7,43,July,Jul,3,2023,202307,1,1,2024,n,2022-07-07
20230708,2023-07-08,6,8,1285,Saturday,Sat,n,28,187,2023-07-03,20230703,7,43,July,Jul,3,2023,202307,1,1,2024,n,2022-07-08
20230709,2023-07-09,7,9,1286,Sunday,Sun,n,28,187,2023-07-03,20230703,7,43,July,Jul,3,2023,202307,1,1,2024,n,2022-07-09
20230710,2023-07-10,1,10,1287,Monday,Mon,y,29,188,2023-07-10,20230710,7,43,July,Jul,3,2023,202307,1,1,2024,n,2022-07-10
20230711,2023-07-11,2,11,1288,Tuesday,Tue,y,29,188,2023-07-10,20230710,7,43,July,Jul,3,2023,202307,1,1,2024,n,2022-07-11
20230712,2023-07-12,3,12,1289,Wednesday,Wed,y,29,188,2023-07-10,20230710,7,43,July,Jul,3,2023,202307,1,1,2024,n,2022-07-12
20230713,2023-07-13,4,13,1290,Thursday,Thu,y,29,188,2023-07-10,20230710,7,43,July,Jul,3,2023,202307,1,1,2024,n,2022-07-13
20230714,2023-07-14,5,14,1291,Friday,Fri,y,29,188,2023-07-10,20230710,7,43,July,Jul,3,2023,202307,1,1,2024,n,2022-07-14
20230715,2023-07-15,6,15,1292,Saturday,Sat,n,29,188,2023-07-10,20230710,7,43,July,Jul,3,2023,202307,1,1,2024,n,2022-07-15
20230716,2023-07-16,7,16,1293,Sunday,Sun,n,29,188,2023-07-10,20230710,7,43,July,Jul,3,2023,202307,1,1,2024,n,2022-07-16
20230717,2023-07-17,1,17,1294,Monday,Mon,y,30,189,2023-07-17,20230717,7,43,July,Jul,3,2023,202307,1,1,2024,n,2022-07-17
20230718,2023-07-18,2,18,1295,Tuesday,Tue,y,30,189,2023-07-17,20230717,7,43,July,Jul,3,2023,202307,1,1,2024,n,2022-07-18
20230719,2023-07-19,3,19,1296,Wednesday,Wed,y,30,189,2023-07-17,20230717,7,43,July,Jul,3,2023,202307,1,1,2024,n,2022-07-19
20230720,2023-07-20,4,20,1297,Thursday,Thu,y,30,189,2023-07-17,20230717,7,43,July,Jul,3,2023,202307,1,1,2024,n,2022-07-20
20230721,2023-07-21,5,21,1298,Friday,Fri,y,30,189,2023-07-17,20230717,7,43,July,Jul,3,2023,202307,1,1,2024,n,2022-07-21
20230722,2023-07-22,6,22,1299,Saturday,Sat,n,30,189,2023-07-17,20230717,7,43,July,Jul,3,2023,202307,1,1,2024,n,2022-07-22
20230723,2023-07-23,7,23,1300,Sunday,Sun,n,30,189,2023-07-17,20230717,7,43,July,Jul,3,2023,202307,1,1,2024,n,2022-07-23
20230724,2023-07-24,1,24,1301,Monday,Mon,y,31,190,2023-07-24,20230724,7,43,July,Jul,3,2023,202307,1,1,2024,n,2022-07-24
20230725,2023-07-25,2,25,1302,Tuesday,Tue,y,31,190,2023-07-24,20230724,7,43,July,Jul,3,2023,202307,1,1,2024,n,2022-07-25
20230726,2023-07-26,3,26,1303,Wednesday,Wed,y,31,190,2023-07-24,20230724,7,43,July,Jul,3,2023,202307,1,1,2024,n,2022-07-26
20230727,2023-07-27,4,27,1304,Thursday,Thu,y,31,190,2023-07-24,20230724,7,43,July,Jul,3,2023,202307,1,1,2024,n,2022-07-27
20230728,2023-07-28,5,28,1305,Friday,Fri,y,31,190,2023-07-24,20230724,7,43,July,Jul,3,2023,202307,1,1,2024,n,2022-07-28
20230729,2023-07-29,6,29,1306,Saturday,Sat,n,31,190,2023-07-24,20230724,7,43,July,Jul,3,2023,202307,1,1,2024,n,2022-07-29
20230730,2023-07-30,7,30,1307,Sunday,Sun,n,31,190,2023-07-24,20230724,7,43,July,Jul,3,2023,202307,1,1,2024,n,2022-07-30
20230731,2023-07-31,1,31,1308,Monday,Mon,y,32,191,2023-07-31,20230731,7,43,July,Jul,3,2023,202307,1,1,2024,y,2022-07-31
20230801,2023-08-01,2,1,1309,Tuesday,Tue,y,32,191,2023-07-31,20230731,8,44,August,Aug,3,2023,202308,2,1,2024,n,2022-08-01
20230802,2023-08-02,3,2,1310,Wednesday,Wed,y,32,191,2023-07-31,20230731,8,44,August,Aug,3,2023,202308,2,1,2024,n,2022-08-02
20230803,2023-08-03,4,3,1311,Thursday,Thu,y,32,191,2023-07-31,20230731,8,44,August,Aug,3,2023,202308,2,1,2024,n,2022-08-03
20230804,2023-08-04,5,4,1312,Friday,Fri,y,32,191,2023-07-31,20230731,8,44,August,Aug,3,2023,202308,2,1,2024,n,2022-08-04
20230805,2023-08-05,6,5,1313,Saturday,Sat,n,32,191,2023-07-31,20230731,8,44,August,Aug,3,2023,202308,2,1,2024,n,2022-08-05
20230806,2023-08-06,7,6,1314,Sunday,Sun,n,32,191,2023-07-31,20230731,8,44,August,Aug,3,2023,202308,2,1,2024,n,2022-08-06
20230807,2023-08-07,1,7,1315,Monday,Mon,y,33,192,2023-08-07,20230807,8,44,August,Aug,3,2023,202308,2,1,2024,n,2022-08-07
20230808,2023-08-08,2,8,1316,Tuesday,Tue,y,33,192,2023-08-07,20230807,8,44,August,Aug,3,2023,202308,2,1,2024,n,2022-08-08
20230809,2023-08-09,3,9,1317,Wednesday,Wed,y,33,192,2023-08-07,20230807,8,44,August,Aug,3,2023,202308,2,1,2024,n,2022-08-09
20230810,2023-08-10,4,10,1318,Thursday,Thu,y,33,192,2023-08-07,20230807,8,44,August,Aug,3,2023,202308,2,1,2024,n,2022-08-10
20230811,2023-08-11,5,11,1319,Friday,Fri,y,33,192,2023-08-07,20230807,8,44,August,Aug,3,2023,202308,2,1,2024,n,2022-08-11
20230812,2023-08-12,6,12,1320,Saturday,Sat,n,33,192,2023-08-07,20230807,8,44,August,Aug,3,2023,202308,2,1,2024,n,2022-08-12
20230813,2023-08-13,7,13,1321,Sunday,Sun,n,33,192,2023-08-07,20230807,8,44,August,Aug,3,2023,202308,2,1,2024,n,2022-08-13
20230814,2023-08-14,1,14,1322,Monday,Mon,y,34,193,2023-08-14,20230814,8,44,August,Aug,3,2023,202308,2,1,2024,n,2022-08-14
20230815,2023-08-15,2,15,1323,Tuesday,Tue,y,34,193,2023-08-14,20230814,8,44,August,Aug,3,2023,202308,2,1,2024,n,2022-08-15
20230816,2023-08-16,3,16,1324,Wednesday,Wed,y,34,193,2023-08-14,20230814,8,44,August,Aug,3,2023,202308,2,1,2024,n,2022-08-16
20230817,2023-08-17,4,17,1325,Thursday,Thu,y,34,193,2023-08-14,20230814,8,44,August,Aug,3,2023,202308,2,1,2024,n,2022-08-17
20230818,2023-08-18,5,18,1326,Friday,Fri,y,34,193,2023-08-14,20230814,8,44,August,Aug,3,2023,202308,2,1,2024,n,2022-08-18
20230819,2023-08-19,6,19,1327,Saturday,Sat,n,34,193,2023-08-14,20230814,8,44,August,Aug,3,2023,202308,2,1,2024,n,2022-08-19
20230820,2023-08-20,7,20,1328,Sunday,Sun,n,34,193,2023-08-14,20230814,8,44,August,Aug,3,2023,202308,2,1,2024,n,2022-08-20
20230821,2023-08-21,1,21,1329,Monday,Mon,y,35,194,2023-08-21,20230821,8,44,August,Aug,3,2023,202308,2,1,2024,n,2022-08-21
20230822,2023-08-22,2,22,1330,Tuesday,Tue,y,35,194,2023-08-21,20230821,8,44,August,Aug,3,2023,202308,2,1,2024,n,2022-08-22
20230823,2023-08-23,3,23,1331,Wednesday,Wed,y,35,194,2023-08-21,20230821,8,44,August,Aug,3,2023,202308,2,1,2024,n,2022-08-23
20230824,2023-08-24,4,24,1332,Thursday,Thu,y,35,194,2023-08-21,20230821,8,44,August,Aug,3,2023,202308,2,1,2024,n,2022-08-24
20230825,2023-08-25,5,25,1333,Friday,Fri,y,35,194,2023-08-21,20230821,8,44,August,Aug,3,2023,202308,2,1,2024,n,2022-08-25
20230826,2023-08-26,6,26,1334,Saturday,Sat,n,35,194,2023-08-21,20230821,8,44,August,Aug,3,2023,202308,2,1,2024,n,2022-08-26
20230827,2023-08-27,7,27,1335,Sunday,Sun,n,35,194,2023-08-21,20230821,8,44,August,Aug,3,2023,202308,2,1,2024,n,2022-08-27
20230828,2023-08-28,1,28,1336,Monday,Mon,y,36,195,2023-08-28,20230828,8,44,August,Aug,3,2023,202308,2,1,2024,n,2022-08-28
20230829,2023-08-29,2,29,1337,Tuesday,Tue,y,36,195,2023-08-28,20230828,8,44,August,Aug,3,2023,202308,2,1,2024,n,2022-08-29
20230830,2023-08-30,3,30,1338,Wednesday,Wed,y,36,195,2023-08-28,20230828,8,44,August,Aug,3,2023,202308,2,1,2024,n,2022-08-30
20230831,2023-08-31,4,31,1339,Thursday,Thu,y,36,195,2023-08-28,20230828,8,44,August,Aug,3,2023,202308,2,1,2024,y,2022-08-31
20230901,2023-09-01,5,1,1340,Friday,Fri,y,36,195,2023-08-28,20230828,9,45,September,Sep,3,2023,202309,3,1,2024,n,2022-09-01
20230902,2023-09-02,6,2,1341,Saturday,Sat,n,36,195,2023-08-28,20230828,9,45,September,Sep,3,2023,202309,3,1,2024,n,2022-09-02
20230903,2023-09-03,7,3,1342,Sunday,Sun,n,36,195,2023-08-28,20230828,9,45,September,Sep,3,2023,202309,3,1,2024,n,2022-09-03
20230904,2023-09-04,1,4,1343,Monday,Mon,y,37,196,2023-09-04,20230904,9,45,September,Sep,3,2023,202309,3,1,2024,n,2022-09-04
20230905,2023-09-05,2,5,1344,Tuesday,Tue,y,37,196,2023-09-04,20230904,9,45,September,Sep,3,2023,202309,3,1,2024,n,2022-09-05
20230906,2023-09-06,3,6,1345,Wednesday,Wed,y,37,196,2023-09-04,20230904,9,45,September,Sep,3,2023,202309,3,1,2024,n,2022-09-06
20230907,2023-09-07,4,7,1346,Thursday,Thu,y,37,196,2023-09-04,20230904,9,45,September,Sep,3,2023,202309,3,1,2024,n,2022-09-07
20230908,2023-09-08,5,8,1347,Friday,Fri,y,37,196,2023-09-04,20230904,9,45,September,Sep,3,2023,202309,3,1,2024,n,2022-09-08
20230909,2023-09-09,6,9,1348,Saturday,Sat,n,37,196,2023-09-04,20230904,9,45,September,Sep,3,2023,202309,3,1,2024,n,2022-09-09
20230910,2023-09-10,7,10,1349,Sunday,Sun,n,37,196,2023-09-04,20230904,9,45,September,Sep,3,2023,202309,3,1,2024,n,2022-09-10
20230911,2023-09-11,1,11,1350,Monday,Mon,y,38,197,2023-09-11,20230911,9,45,September,Sep,3,2023,202309,3,1,2024,n,2022-09-11
20230912,2023-09-12,2,12,1351,Tuesday,Tue,y,38,197,2023-09-11,20230911,9,45,September,Sep,3,2023,202309,3,1,2024,n,2022-09-12
20230913,2023-09-13,3,13,1352,Wednesday,Wed,y,38,197,2023-09-11,20230911,9,45,September,Sep,3,2023,202309,3,1,2024,n,2022-09-13
20230914,2023-09-14,4,14,1353,Thursday,Thu,y,38,197,2023-09-11,20230911,9,45,September,Sep,3,2023,202309,3,1,2024,n,2022-09-14
20230915,2023-09-15,5,15,1354,Friday,Fri,y,38,197,2023-09-11,20230911,9,45,September,Sep,3,2023,202309,3,1,2024,n,2022-09-15
20230916,2023-09-16,6,16,1355,Saturday,Sat,n,38,197,2023-09-11,20230911,9,45,September,Sep,3,2023,202309,3,1,2024,n,2022-09-16
20230917,2023-09-17,7,17,1356,Sunday,Sun,n,38,197,2023-09-11,20230911,9,45,September,Sep,3,2023,202309,3,1,2024,n,2022-09-17
20230918,2023-09-18,1,18,1357,Monday,Mon,y,39,198,2023-09-18,20230918,9,45,September,Sep,3,2023,202309,3,1,2024,n,2022-09-18
20230919,2023-09-19,2,19,1358,Tuesday,Tue,y,39,198,2023-09-18,20230918,9,45,September,Sep,3,2023,202309,3,1,2024,n,2022-09-19
20230920,2023-09-20,3,20,1359,Wednesday,Wed,y,39,198,2023-09-18,20230918,9,45,September,Sep,3,2023,202309,3,1,2024,n,2022-09-20
20230921,2023-09-21,4,21,1360,Thursday,Thu,y,39,198,2023-09-18,20230918,9,45,September,Sep,3,2023,202309,3,1,2024,n,2022-09-21
20230922,2023-09-22,5,22,1361,Friday,Fri,y,39,198,2023-09-18,20230918,9,45,September,Sep,3,2023,202309,3,1,2024,n,2022-09-22
20230923,2023-09-23,6,23,1362,Saturday,Sat,n,39,198,2023-09-18,20230918,9,45,September,Sep,3,2023,202309,3,1,2024,n,2022-09-23
20230924,2023-09-24,7,24,1363,Sunday,Sun,n,39,198,2023-09-18,20230918,9,45,September,Sep,3,2023,202309,3,1,2024,n,2022-09-24
20230925,2023-09-25,1,25,1364,Monday,Mon,y,40,199,2023-09-25,20230925,9,45,September,Sep,3,2023,202309,3,1,2024,n,2022-09-25
20230926,2023-09-26,2,26,1365,Tuesday,Tue,y,40,199,2023-09-25,20230925,9,45,September,Sep,3,2023,202309,3,1,2024,n,2022-09-26
20230927,2023-09-27,3,27,1366,Wednesday,Wed,y,40,199,2023-09-25,20230925,9,45,September,Sep,3,2023,202309,3,1,2024,n,2022-09-27
20230928,2023-09-28,4,28,1367,Thursday,Thu,y,40,199,2023-09-25,20230925,9,45,September,Sep,3,2023,202309,3,1,2024,n,2022-09-28
20230929,2023-09-29,5,29,1368,Friday,Fri,y,40,199,2023-09-25,20230925,9,45,September,Sep,3,2023,202309,3,1,2024,n,2022-09-29
20230930,2023-09-30,6,30,1369,Saturday,Sat,n,40,199,2023-09-25,20230925,9,45,September,Sep,3,2023,202309,3,1,2024,y,2022-09-30
20231001,2023-10-01,7,1,1370,Sunday,Sun,n,40,199,2023-09-25,20230925,10,46,October,Oct,4,2023,202310,4,2,2024,n,2022-10-01
20231002,2023-10-02,1,2,1371,Monday,Mon,y,41,200,2023-10-02,20231002,10,46,October,Oct,4,2023,202310,4,2,2024,n,2022-10-02
20231003,2023-10-03,2,3,1372,Tuesday,Tue,y,41,200,2023-10-02,20231002,10,46,October,Oct,4,2023,202310,4,2,2024,n,2022-10-03
20231004,2023-10-04,3,4,1373,Wednesday,Wed,y,41,200,2023-10-02,20231002,10,46,October,Oct,4,2023,202310,4,2,2024,n,2022-10-04
20231005,2023-10-05,4,5,1374,Thursday,Thu,y,41,200,2023-10-02,20231002,10,46,October,Oct,4,2023,202310,4,2,2024,n,2022-10-05
20231006,2023-10-06,5,6,1375,Friday,Fri,y,41,200,2023-10-02,20231002,10,46,October,Oct,4,2023,202310,4,2,2024,n,2022-10-06
20231007,2023-10-07,6,7,1376,Saturday,Sat,n,41,200,2023-10-02,20231002,10,46,October,Oct,4,2023,202310,4,2,2024,n,2022-10-07
20231008,2023-10-08,7,8,1377,Sunday,Sun,n,41,200,2023-10-02,20231002,10,46,October,Oct,4,2023,202310,4,2,2024,n,2022-10-08
20231009,2023-10-09,1,9,1378,Monday,Mon,y,42,201,2023-10-09,20231009,10,46,October,Oct,4,2023,202310,4,2,2024,n,2022-10-09
20231010,2023-10-10,2,10,1379,Tuesday,Tue,y,42,201,2023-10-09,20231009,10,46,October,Oct,4,2023,202310,4,2,2024,n,2022-10-10
20231011,2023-10-11,3,11,1380,Wednesday,Wed,y,42,201,2023-10-09,20231009,10,46,October,Oct,4,2023,202310,4,2,2024,n,2022-10-11
20231012,2023-10-12,4,12,1381,Thursday,Thu,y,42,201,2023-10-09,20231009,10,46,October,Oct,4,2023,202310,4,2,2024,n,2022-10-12
20231013,2023-10-13,5,13,1382,Friday,Fri,y,42,201,2023-10-09,20231009,10,46,October,Oct,4,2023,202310,4,2,2024,n,2022-10-13
20231014,2023-10-14,6,14,1383,Saturday,Sat,n,42,201,2023-10-09,20231009,10,46,October,Oct,4,2023,202310,4,2,2024,n,2022-10-14
20231015,2023-10-15,7,15,1384,Sunday,Sun,n,42,201,2023-10-09,20231009,10,46,October,Oct,4,2023,202310,4,2,2024,n,2022-10-15
20231016,2023-10-16,1,16,1385,Monday,Mon,y,43,202,2023-10-16,20231016,10,46,October,Oct,4,2023,202310,4,2,2024,n,2022-10-16
20231017,2023-10-17,2,17,1386,Tuesday,Tue,y,43,202,2023-10-16,20231016,10,46,October,Oct,4,2023,202310,4,2,2024,n,2022-10-17
20231018,2023-10-18,3,18,1387,Wednesday,Wed,y,43,202,2023-10-16,20231016,10,46,October,Oct,4,2023,202310,4,2,2024,n,2022-10-18
20231019,2023-10-19,4,19,1388,Thursday,Thu,y,43,202,2023-10-16,20231016,10,46,October,Oct,4,2023,202310,4,2,2024,n,2022-10-19
20231020,2023-10-20,5,20,1389,Friday,Fri,y,43,202,2023-10-16,20231016,10,46,October,Oct,4,2023,202310,4,2,2024,n,2022-10-20
20231021,2023-10-21,6,21,1390,Saturday,Sat,n,43,202,2023-10-16,20231016,10,46,October,Oct,4,2023,202310,4,2,2024,n,2022-10-21
20231022,2023-10-22,7,22,1391,Sunday,Sun,n,43,202,2023-10-16,20231016,10,46,October,Oct,4,2023,202310,4,2,2024,n,2022-10-22
20231023,2023-10-23,1,23,1392,Monday,Mon,y,44,203,2023-10-23,20231023,10,46,October,Oct,4,2023,202310,4,2,2024,n,2022-10-23
20231024,2023-10-24,2,24,1393,Tuesday,Tue,y,44,203,2023-10-23,20231023,10,46,October,Oct,4,2023,202310,4,2,2024,n,2022-10-24
20231025,2023-10-25,3,25,1394,Wednesday,Wed,y,44,203,2023-10-23,20231023,10,46,October,Oct,4,2023,202310,4,2,2024,n,2022-10-25
20231026,2023-10-26,4,26,1395,Thursday,Thu,y,44,203,2023-10-23,20231023,10,46,October,Oct,4,2023,202310,4,2,2024,n,2022-10-26
20231027,2023-10-27,5,27,1396,Friday,Fri,y,44,203,2023-10-23,20231023,10,46,October,Oct,4,2023,202310,4,2,2024,n,2022-10-27
20231028,2023-10-28,6,28,1397,Saturday,Sat,n,44,203,2023-10-23,20231023,10,46,October,Oct,4,2023,202310,4,2,2024,n,2022-10-28
20231029,2023-10-29,7,29,1398,Sunday,Sun,n,44,203,2023-10-23,20231023,10,46,October,Oct,4,2023,202310,4,2,2024,n,2022-10-29
20231030,2023-10-30,1,30,1399,Monday,Mon,y,45,204,2023-10-30,20231030,10,46,October,Oct,4,2023,202310,4,2,2024,n,2022-10-30
20231031,2023-10-31,2,31,1400,Tuesday,Tue,y,45,204,2023-10-30,20231030,10,46,October,Oct,4,2023,202310,4,2,2024,y,2022-10-31
20231101,2023-11-01,3,1,1401,Wednesday,Wed,y,45,204,2023-10-30,20231030,11,47,November,Nov,4,2023,202311,5,2,2024,n,2022-11-01
20231102,2023-11-02,4,2,1402,Thursday,Thu,y,45,204,2023-10-30,20231030,11,47,November,Nov,4,2023,202311,5,2,2024,n,2022-11-02
20231103,2023-11-03,5,3,1403,Friday,Fri,y,45,204,2023-10-30,20231030,11,47,November,Nov,4,2023,202311,5,2,2024,n,2022-11-03
20231104,2023-11-04,6,4,1404,Saturday,Sat,n,45,204,2023-10-30,20231030,11,47,November,Nov,4,2023,202311,5,2,2024,n,2022-11-04
20231105,2023-11-05,7,5,1405,Sunday,Sun,n,45,204,2023-10-30,20231030,11,47,November,Nov,4,2023,202311,5,2,2024,n,2022-11-05
20231106,2023-11-06,1,6,1406,Monday,Mon,y,46,205,2023-11-06,20231106,11,47,November,Nov,4,2023,202311,5,2,2024,n,2022-11-06
20231107,2023-11-07,2,7,1407,Tuesday,Tue,y,46,205,2023-11-06,20231106,11,47,November,Nov,4,2023,202311,5,2,2024,n,2022-11-07
20231108,2023-11-08,3,8,1408,Wednesday,Wed,y,46,205,2023-11-06,20231106,11,47,November,Nov,4,2023,202311,5,2,2024,n,2022-11-08
20231109,2023-11-09,4,9,1409,Thursday,Thu,y,46,205,2023-11-06,20231106,11,47,November,Nov,4,2023,202311,5,2,2024,n,2022-11-09
20231110,2023-11-10,5,10,1410,Friday,Fri,y,46,205,2023-11-06,20231106,11,47,November,Nov,4,2023,202311,5,2,2024,n,2022-11-10
20231111,2023-11-11,6,11,1411,Saturday,Sat,n,46,205,2023-11-06,20231106,11,47,November,Nov,4,2023,202311,5,2,2024,n,2022-11-11
20231112,2023-11-12,7,12,1412,Sunday,Sun,n,46,205,2023-11-06,20231106,11,47,November,Nov,4,2023,202311,5,2,2024,n,2022-11-12
20231113,2023-11-13,1,13,1413,Monday,Mon,y,47,206,2023-11-13,20231113,11,47,November,Nov,4,2023,202311,5,2,2024,n,2022-11-13
20231114,2023-11-14,2,14,1414,Tuesday,Tue,y,47,206,2023-11-13,20231113,11,47,November,Nov,4,2023,202311,5,2,2024,n,2022-11-14
20231115,2023-11-15,3,15,1415,Wednesday,Wed,y,47,206,2023-11-13,20231113,11,47,November,Nov,4,2023,202311,5,2,2024,n,2022-11-15
20231116,2023-11-16,4,16,1416,Thursday,Thu,y,47,206,2023-11-13,20231113,11,47,November,Nov,4,2023,202311,5,2,2024,n,2022-11-16
20231117,2023-11-17,5,17,1417,Friday,Fri,y,47,206,2023-11-13,20231113,11,47,November,Nov,4,2023,202311,5,2,2024,n,2022-11-17
20231118,2023-11-18,6,18,1418,Saturday,Sat,n,47,206,2023-11-13,20231113,11,47,November,Nov,4,2023,202311,5,2,2024,n,2022-11-18
20231119,2023-11-19,7,19,1419,Sunday,Sun,n,47,206,2023-11-13,20231113,11,47,November,Nov,4,2023,202311,5,2,2024,n,2022-11-19
20231120,2023-11-20,1,20,1420,Monday,Mon,y,48,207,2023-11-20,20231120,11,47,November,Nov,4,2023,202311,5,2,2024,n,2022-11-20
20231121,2023-11-21,2,21,1421,Tuesday,Tue,y,48,207,2023-11-20,20231120,11,47,November,Nov,4,2023,202311,5,2,2024,n,2022-11-21
20231122,2023-11-22,3,22,1422,Wednesday,Wed,y,48,207,2023-11-20,20231120,11,47,November,Nov,4,2023,202311,5,2,2024,n,2022-11-22
20231123,2023-11-23,4,23,1423,Thursday,Thu,y,48,207,2023-11-20,20231120,11,47,November,Nov,4,2023,202311,5,2,2024,n,2022-11-23
20231124,2023-11-24,5,24,1424,Friday,Fri,y,48,207,2023-11-20,20231120,11,47,November,Nov,4,2023,202311,5,2,2024,n,2022-11-24
20231125,2023-11-25,6,25,1425,Saturday,Sat,n,48,207,2023-11-20,20231120,11,47,November,Nov,4,2023,202311,5,2,2024,n,2022-11-25
20231126,2023-11-26,7,26,1426,Sunday,Sun,n,48,207,2023-11-20,20231120,11,47,November,Nov,4,2023,202311,5,2,2024,n,2022-11-26
20231127,2023-11-27,1,27,1427,Monday,Mon,y,49,208,2023-11-27,20231127,11,47,November,Nov,4,2023,202311,5,2,2024,n,2022-11-27
20231128,2023-11-28,2,28,1428,Tuesday,Tue,y,49,208,2023-11-27,20231127,11,47,November,Nov,4,2023,202311,5,2,2024,n,2022-11-28
20231129,2023-11-29,3,29,1429,Wednesday,Wed,y,49,208,2023-11-27,20231127,11,47,November,Nov,4,2023,202311,5,2,2024,n,2022-11-29
20231130,2023-11-30,4,30,1430,Thursday,Thu,y,49,208,2023-11-27,20231127,11,47,November,Nov,4,2023,202311,5,2,2024,y,2022-11-30
20231201,2023-12-01,5,1,1431,Friday,Fri,y,49,208,2023-11-27,20231127,12,48,December,Dec,4,2023,202312,6,2,2024,n,2022-12-01
20231202,2023-12-02,6,2,1432,Saturday,Sat,n,49,208,2023-11-27,20231127,12,48,December,Dec,4,2023,202312,6,2,2024,n,2022-12-02
20231203,2023-12-03,7,3,1433,Sunday,Sun,n,49,208,2023-11-27,20231127,12,48,December,Dec,4,2023,202312,6,2,2024,n,2022-12-03
20231204,2023-12-04,1,4,1434,Monday,Mon,y,50,209,2023-12-04,20231204,12,48,December,Dec,4,2023,202312,6,2,2024,n,2022-12-04
20231205,2023-12-05,2,5,1435,Tuesday,Tue,y,50,209,2023-12-04,20231204,12,48,December,Dec,4,2023,202312,6,2,2024,n,2022-12-05
20231206,2023-12-06,3,6,1436,Wednesday,Wed,y,50,209,2023-12-04,20231204,12,48,December,Dec,4,2023,202312,6,2,2024,n,2022-12-06
20231207,2023-12-07,4,7,1437,Thursday,Thu,y,50,209,2023-12-04,20231204,12,48,December,Dec,4,2023,202312,6,2,2024,n,2022-12-07
20231208,2023-12-08,5,8,1438,Friday,Fri,y,50,209,2023-12-04,20231204,12,48,December,Dec,4,2023,202312,6,2,2024,n,2022-12-08
20231209,2023-12-09,6,9,1439,Saturday,Sat,n,50,209,2023-12-04,20231204,12,48,December,Dec,4,2023,202312,6,2,2024,n,2022-12-09
20231210,2023-12-10,7,10,1440,Sunday,Sun,n,50,209,2023-12-04,20231204,12,48,December,Dec,4,2023,202312,6,2,2024,n,2022-12-10
20231211,2023-12-11,1,11,1441,Monday,Mon,y,51,210,2023-12-11,20231211,12,48,December,Dec,4,2023,202312,6,2,2024,n,2022-12-11
20231212,2023-12-12,2,12,1442,Tuesday,Tue,y,51,210,2023-12-11,20231211,12,48,December,Dec,4,2023,202312,6,2,2024,n,2022-12-12
20231213,2023-12-13,3,13,1443,Wednesday,Wed,y,51,210,2023-12-11,20231211,12,48,December,Dec,4,2023,202312,6,2,2024,n,2022-12-13
20231214,2023-12-14,4,14,1444,Thursday,Thu,y,51,210,2023-12-11,20231211,12,48,December,Dec,4,2023,202312,6,2,2024,n,2022-12-14
20231215,2023-12-15,5,15,1445,Friday,Fri,y,51,210,2023-12-11,20231211,12,48,December,Dec,4,2023,202312,6,2,2024,n,2022-12-15
20231216,2023-12-16,6,16,1446,Saturday,Sat,n,51,210,2023-12-11,20231211,12,48,December,Dec,4,2023,202312,6,2,2024,n,2022-12-16
20231217,2023-12-17,7,17,1447,Sunday,Sun,n,51,210,2023-12-11,20231211,12,48,December,Dec,4,2023,202312,6,2,2024,n,2022-12-17
20231218,2023-12-18,1,18,1448,Monday,Mon,y,52,211,2023-12-18,20231218,12,48,December,Dec,4,2023,202312,6,2,2024,n,2022-12-18
20231219,2023-12-19,2,19,1449,Tuesday,Tue,y,52,211,2023-12-18,20231218,12,48,December,Dec,4,2023,202312,6,2,2024,n,2022-12-19
20231220,2023-12-20,3,20,1450,Wednesday,Wed,y,52,211,2023-12-18,20231218,12,48,December,Dec,4,2023,202312,6,2,2024,n,2022-12-20
20231221,2023-12-21,4,21,1451,Thursday,Thu,y,52,211,2023-12-18,20231218,12,48,December,Dec,4,2023,202312,6,2,2024,n,2022-12-21
20231222,2023-12-22,5,22,1452,Friday,Fri,y,52,211,2023-12-18,20231218,12,48,December,Dec,4,2023,202312,6,2,2024,n,2022-12-22
20231223,2023-12-23,6,23,1453,Saturday,Sat,n,52,211,2023-12-18,20231218,12,48,December,Dec,4,2023,202312,6,2,2024,n,2022-12-23
20231224,2023-12-24,7,24,1454,Sunday,Sun,n,52,211,2023-12-18,20231218,12,48,December,Dec,4,2023,202312,6,2,2024,n,2022-12-24
20231225,2023-12-25,1,25,1455,Monday,Mon,y,53,212,2023-12-25,20231225,12,48,December,Dec,4,2023,202312,6,2,2024,n,2022-12-25
20231226,2023-12-26,2,26,1456,Tuesday,Tue,y,53,212,2023-12-25,20231225,12,48,December,Dec,4,2023,202312,6,2,2024,n,2022-12-26
20231227,2023-12-27,3,27,1457,Wednesday,Wed,y,53,212,2023-12-25,20231225,12,48,December,Dec,4,2023,202312,6,2,2024,n,2022-12-27
20231228,2023-12-28,4,28,1458,Thursday,Thu,y,53,212,2023-12-25,20231225,12,48,December,Dec,4,2023,202312,6,2,2024,n,2022-12-28
20231229,2023-12-29,5,29,1459,Friday,Fri,y,53,212,2023-12-25,20231225,12,48,December,Dec,4,2023,202312,6,2,2024,n,2022-12-29
20231230,2023-12-30,6,30,1460,Saturday,Sat,n,53,212,2023-12-25,20231225,12,48,December,Dec,4,2023,202312,6,2,2024,n,2022-12-30
20231231,2023-12-31,7,31,1461,Sunday,Sun,n,53,212,2023-12-25,20231225,12,48,December,Dec,4,2023,202312,6,2,2024,y,2022-12-31
20240101,2024-01-01,1,1,1462,Monday,Mon,y,1,213,2024-01-01,20240101,1,49,January,Jan,1,2024,202401,7,3,2024,n,2023-01-01
20240102,2024-01-02,2,2,1463,Tuesday,Tue,y,1,213,2024-01-01,20240101,1,49,January,Jan,1,2024,202401,7,3,2024,n,2023-01-02
20240103,2024-01-03,3,3,1464,Wednesday,Wed,y,1,213,2024-01-01,20240101,1,49,January,Jan,1,2024,202401,7,3,2024,n,2023-01-03
20240104,2024-01-04,4,4,1465,Thursday,Thu,y,1,213,2024-01-01,20240101,1,49,January,Jan,1,2024,202401,7,3,2024,n,2023-01-04
20240105,2024-01-05,5,5,1466,Friday,Fri,y,1,213,2024-01-01,20240101,1,49,January,Jan,1,2024,202401,7,3,2024,n,2023-01-05
20240106,2024-01-06,6,6,1467,Saturday,Sat,n,1,213,2024-01-01,20240101,1,49,January,Jan,1,2024,202401,7,3,2024,n,2023-01-06
20240107,2024-01-07,7,7,1468,Sunday,Sun,n,1,213,2024-01-01,20240101,1,49,January,Jan,1,2024,202401,7,3,2024,n,2023-01-07
20240108,2024-01-08,1,8,1469,Monday,Mon,y,2,214,2024-01-08,20240108,1,49,January,Jan,1,2024,202401,7,3,2024,n,2023-01-08
20240109,2024-01-09,2,9,1470,Tuesday,Tue,y,2,214,2024-01-08,20240108,1,49,January,Jan,1,2024,202401,7,3,2024,n,2023-01-09
20240110,2024-01-10,3,10,1471,Wednesday,Wed,y,2,214,2024-01-08,20240108,1,49,January,Jan,1,2024,202401,7,3,2024,n,2023-01-10
20240111,2024-01-11,4,11,1472,Thursday,Thu,y,2,214,2024-01-08,20240108,1,49,January,Jan,1,2024,202401,7,3,2024,n,2023-01-11
20240112,2024-01-12,5,12,1473,Friday,Fri,y,2,214,2024-01-08,20240108,1,49,January,Jan,1,2024,202401,7,3,2024,n,2023-01-12
20240113,2024-01-13,6,13,1474,Saturday,Sat,n,2,214,2024-01-08,20240108,1,49,January,Jan,1,2024,202401,7,3,2024,n,2023-01-13
20240114,2024-01-14,7,14,1475,Sunday,Sun,n,2,214,2024-01-08,20240108,1,49,January,Jan,1,2024,202401,7,3,2024,n,2023-01-14
20240115,2024-01-15,1,15,1476,Monday,Mon,y,3,215,2024-01-15,20240115,1,49,January,Jan,1,2024,202401,7,3,2024,n,2023-01-15
20240116,2024-01-16,2,16,1477,Tuesday,Tue,y,3,215,2024-01-15,20240115,1,49,January,Jan,1,2024,202401,7,3,2024,n,2023-01-16
20240117,2024-01-17,3,17,1478,Wednesday,Wed,y,3,215,2024-01-15,20240115,1,49,January,Jan,1,2024,202401,7,3,2024,n,2023-01-17
20240118,2024-01-18,4,18,1479,Thursday,Thu,y,3,215,2024-01-15,20240115,1,49,January,Jan,1,2024,202401,7,3,2024,n,2023-01-18
20240119,2024-01-19,5,19,1480,Friday,Fri,y,3,215,2024-01-15,20240115,1,49,January,Jan,1,2024,202401,7,3,2024,n,2023-01-19
20240120,2024-01-20,6,20,1481,Saturday,Sat,n,3,215,2024-01-15,20240115,1,49,January,Jan,1,2024,202401,7,3,2024,n,2023-01-20
20240121,2024-01-21,7,21,1482,Sunday,Sun,n,3,215,2024-01-15,20240115,1,49,January,Jan,1,2024,202401,7,3,2024,n,2023-01-21
20240122,2024-01-22,1,22,1483,Monday,Mon,y,4,216,2024-01-22,20240122,1,49,January,Jan,1,2024,202401,7,3,2024,n,2023-01-22
20240123,2024-01-23,2,23,1484,Tuesday,Tue,y,4,216,2024-01-22,20240122,1,49,January,Jan,1,2024,202401,7,3,2024,n,2023-01-23
20240124,2024-01-24,3,24,1485,Wednesday,Wed,y,4,216,2024-01-22,20240122,1,49,January,Jan,1,2024,202401,7,3,2024,n,2023-01-24
20240125,2024-01-25,4,25,1486,Thursday,Thu,y,4,216,2024-01-22,20240122,1,49,January,Jan,1,2024,202401,7,3,2024,n,2023-01-25
20240126,2024-01-26,5,26,1487,Friday,Fri,y,4,216,2024-01-22,20240122,1,49,January,Jan,1,2024,202401,7,3,2024,n,2023-01-26
20240127,2024-01-27,6,27,1488,Saturday,Sat,n,4,216,2024-01-22,20240122,1,49,January,Jan,1,2024,202401,7,3,2024,n,2023-01-27
20240128,2024-01-28,7,28,1489,Sunday,Sun,n,4,216,2024-01-22,20240122,1,49,January,Jan,1,2024,202401,7,3,2024,n,2023-01-28
20240129,2024-01-29,1,29,1490,Monday,Mon,y,5,217,2024-01-29,20240129,1,49,January,Jan,1,2024,202401,7,3,2024,n,2023-01-29
20240130,2024-01-30,2,30,1491,Tuesday,Tue,y,5,217,2024-01-29,20240129,1,49,January,Jan,1,2024,202401,7,3,2024,n,2023-01-30
20240131,2024-01-31,3,31,1492,Wednesday,Wed,y,5,217,2024-01-29,20240129,1,49,January,Jan,1,2024,202401,7,3,2024,y,2023-01-31
20240201,2024-02-01,4,1,1493,Thursday,Thu,y,5,217,2024-01-29,20240129,2,50,February,Feb,1,2024,202402,8,3,2024,n,2023-02-01
20240202,2024-02-02,5,2,1494,Friday,Fri,y,5,217,2024-01-29,20240129,2,50,February,Feb,1,2024,202402,8,3,2024,n,2023-02-02
20240203,2024-02-03,6,3,1495,Saturday,Sat,n,5,217,2024-01-29,20240129,2,50,February,Feb,1,2024,202402,8,3,2024,n,2023-02-03
20240204,2024-02-04,7,4,1496,Sunday,Sun,n,5,217,2024-01-29,20240129,2,50,February,Feb,1,2024,202402,8,3,2024,n,2023-02-04
20240205,2024-02-05,1,5,1497,Monday,Mon,y,6,218,2024-02-05,20240205,2,50,February,Feb,1,2024,202402,8,3,2024,n,2023-02-05
20240206,2024-02-06,2,6,1498,Tuesday,Tue,y,6,218,2024-02-05,20240205,2,50,February,Feb,1,2024,202402,8,3,2024,n,2023-02-06
20240207,2024-02-07,3,7,1499,Wednesday,Wed,y,6,218,2024-02-05,20240205,2,50,February,Feb,1,2024,202402,8,3,2024,n,2023-02-07
20240208,2024-02-08,4,8,1500,Thursday,Thu,y,6,218,2024-02-05,20240205,2,50,February,Feb,1,2024,202402,8,3,2024,n,2023-02-08
20240209,2024-02-09,5,9,1501,Friday,Fri,y,6,218,2024-02-05,20240205,2,50,February,Feb,1,2024,202402,8,3,2024,n,2023-02-09
20240210,2024-02-10,6,10,1502,Saturday,Sat,n,6,218,2024-02-05,20240205,2,50,February,Feb,1,2024,202402,8,3,2024,n,2023-02-10
20240211,2024-02-11,7,11,1503,Sunday,Sun,n,6,218,2024-02-05,20240205,2,50,February,Feb,1,2024,202402,8,3,2024,n,2023-02-11
20240212,2024-02-12,1,12,1504,Monday,Mon,y,7,219,2024-02-12,20240212,2,50,February,Feb,1,2024,202402,8,3,2024,n,2023-02-12
20240213,2024-02-13,2,13,1505,Tuesday,Tue,y,7,219,2024-02-12,20240212,2,50,February,Feb,1,2024,202402,8,3,2024,n,2023-02-13
20240214,2024-02-14,3,14,1506,Wednesday,Wed,y,7,219,2024-02-12,20240212,2,50,February,Feb,1,2024,202402,8,3,2024,n,2023-02-14
20240215,2024-02-15,4,15,1507,Thursday,Thu,y,7,219,2024-02-12,20240212,2,50,February,Feb,1,2024,202402,8,3,2024,n,2023-02-15
20240216,2024-02-16,5,16,1508,Friday,Fri,y,7,219,2024-02-12,20240212,2,50,February,Feb,1,2024,202402,8,3,2024,n,2023-02-16
20240217,2024-02-17,6,17,1509,Saturday,Sat,n,7,219,2024-02-12,20240212,2,50,February,Feb,1,2024,202402,8,3,2024,n,2023-02-17
20240218,2024-02-18,7,18,1510,Sunday,Sun,n,7,219,2024-02-12,20240212,2,50,February,Feb,1,2024,202402,8,3,2024,n,2023-02-18
20240219,2024-02-19,1,19,1511,Monday,Mon,y,8,220,2024-02-19,20240219,2,50,February,Feb,1,2024,202402,8,3,2024,n,2023-02-19
20240220,2024-02-20,2,20,1512,Tuesday,Tue,y,8,220,2024-02-19,20240219,2,50,February,Feb,1,2024,202402,8,3,2024,n,2023-02-20
20240221,2024-02-21,3,21,1513,Wednesday,Wed,y,8,220,2024-02-19,20240219,2,50,February,Feb,1,2024,202402,8,3,2024,n,2023-02-21
20240222,2024-02-22,4,22,1514,Thursday,Thu,y,8,220,2024-02-19,20240219,2,50,February,Feb,1,2024,202402,8,3,2024,n,2023-02-22
20240223,2024-02-23,5,23,1515,Friday,Fri,y,8,220,2024-02-19,20240219,2,50,February,Feb,1,2024,202402,8,3,2024,n,2023-02-23
20240224,2024-02-24,6,24,1516,Saturday,Sat,n,8,220,2024-02-19,20240219,2,50,February,Feb,1,2024,202402,8,3,2024,n,2023-02-24
20240225,2024-02-25,7,25,1517,Sunday,Sun,n,8,220,2024-02-19,20240219,2,50,February,Feb,1,2024,202402,8,3,2024,n,2023-02-25
20240226,2024-02-26,1,26,1518,Monday,Mon,y,9,221,2024-02-26,20240226,2,50,February,Feb,1,2024,202402,8,3,2024,n,2023-02-26
20240227,2024-02-27,2,27,1519,Tuesday,Tue,y,9,221,2024-02-26,20240226,2,50,February,Feb,1,2024,202402,8,3,2024,n,2023-02-27
20240228,2024-02-28,3,28,1520,Wednesday,Wed,y,9,221,2024-02-26,20240226,2,50,February,Feb,1,2024,202402,8,3,2024,n,2023-02-28
20240229,2024-02-29,4,29,1521,Thursday,Thu,y,9,221,2024-02-26,20240226,2,50,February,Feb,1,2024,202402,8,3,2024,y,2023-03-01
20240301,2024-03-01,5,1,1522,Friday,Fri,y,9,221,2024-02-26,20240226,3,51,March,Mar,1,2024,202403,9,3,2024,n,2023-03-01
20240302,2024-03-02,6,2,1523,Saturday,Sat,n,9,221,2024-02-26,20240226,3,51,March,Mar,1,2024,202403,9,3,2024,n,2023-03-02
20240303,2024-03-03,7,3,1524,Sunday,Sun,n,9,221,2024-02-26,20240226,3,51,March,Mar,1,2024,202403,9,3,2024,n,2023-03-03
20240304,2024-03-04,1,4,1525,Monday,Mon,y,10,222,2024-03-04,20240304,3,51,March,Mar,1,2024,202403,9,3,2024,n,2023-03-04
20240305,2024-03-05,2,5,1526,Tuesday,Tue,y,10,222,2024-03-04,20240304,3,51,March,Mar,1,2024,202403,9,3,2024,n,2023-03-05
20240306,2024-03-06,3,6,1527,Wednesday,Wed,y,10,222,2024-03-04,20240304,3,51,March,Mar,1,2024,202403,9,3,2024,n,2023-03-06
20240307,2024-03-07,4,7,1528,Thursday,Thu,y,10,222,2024-03-04,20240304,3,51,March,Mar,1,2024,202403,9,3,2024,n,2023-03-07
20240308,2024-03-08,5,8,1529,Friday,Fri,y,10,222,2024-03-04,20240304,3,51,March,Mar,1,2024,202403,9,3,2024,n,2023-03-08
20240309,2024-03-09,6,9,1530,Saturday,Sat,n,10,222,2024-03-04,20240304,3,51,March,Mar,1,2024,202403,9,3,2024,n,2023-03-09
20240310,2024-03-10,7,10,1531,Sunday,Sun,n,10,222,2024-03-04,20240304,3,51,March,Mar,1,2024,202403,9,3,2024,n,2023-03-10
20240311,2024-03-11,1,11,1532,Monday,Mon,y,11,223,2024-03-11,20240311,3,51,March,Mar,1,2024,202403,9,3,2024,n,2023-03-11
20240312,2024-03-12,2,12,1533,Tuesday,Tue,y,11,223,2024-03-11,20240311,3,51,March,Mar,1,2024,202403,9,3,2024,n,2023-03-12
20240313,2024-03-13,3,13,1534,Wednesday,Wed,y,11,223,2024-03-11,20240311,3,51,March,Mar,1,2024,202403,9,3,2024,n,2023-03-13
20240314,2024-03-14,4,14,1535,Thursday,Thu,y,11,223,2024-03-11,20240311,3,51,March,Mar,1,2024,202403,9,3,2024,n,2023-03-14
20240315,2024-03-15,5,15,1536,Friday,Fri,y,11,223,2024-03-11,20240311,3,51,March,Mar,1,2024,202403,9,3,2024,n,2023-03-15
20240316,2024-03-16,6,16,1537,Saturday,Sat,n,11,223,2024-03-11,20240311,3,51,March,Mar,1,2024,202403,9,3,2024,n,2023-03-16
20240317,2024-03-17,7,17,1538,Sunday,Sun,n,11,223,2024-03-11,20240311,3,51,March,Mar,1,2024,202403,9,3,2024,n,2023-03-17
20240318,2024-03-18,1,18,1539,Monday,Mon,y,12,224,2024-03-18,20240318,3,51,March,Mar,1,2024,202403,9,3,2024,n,2023-03-18
20240319,2024-03-19,2,19,1540,Tuesday,Tue,y,12,224,2024-03-18,20240318,3,51,March,Mar,1,2024,202403,9,3,2024,n,2023-03-19
20240320,2024-03-20,3,20,1541,Wednesday,Wed,y,12,224,2024-03-18,20240318,3,51,March,Mar,1,2024,202403,9,3,2024,n,2023-03-20
20240321,2024-03-21,4,21,1542,Thursday,Thu,y,12,224,2024-03-18,20240318,3,51,March,Mar,1,2024,202403,9,3,2024,n,2023-03-21
20240322,2024-03-22,5,22,1543,Friday,Fri,y,12,224,2024-03-18,20240318,3,51,March,Mar,1,2024,202403,9,3,2024,n,2023-03-22
20240323,2024-03-23,6,23,1544,Saturday,Sat,n,12,224,2024-03-18,20240318,3,51,March,Mar,1,2024,202403,9,3,2024,n,2023-03-23
20240324,2024-03-24,7,24,1545,Sunday,Sun,n,12,224,2024-03-18,20240318,3,51,March,Mar,1,2024,202403,9,3,2024,n,2023-03-24
20240325,2024-03-25,1,25,1546,Monday,Mon,y,13,225,2024-03-25,20240325,3,51,March,Mar,1,2024,202403,9,3,2024,n,2023-03-25
20240326,2024-03-26,2,26,1547,Tuesday,Tue,y,13,225,2024-03-25,20240325,3,51,March,Mar,1,2024,202403,9,3,2024,n,2023-03-26
20240327,2024-03-27,3,27,1548,Wednesday,Wed,y,13,225,2024-03-25,20240325,3,51,March,Mar,1,2024,202403,9,3,2024,n,2023-03-27
20240328,2024-03-28,4,28,1549,Thursday,Thu,y,13,225,2024-03-25,20240325,3,51,March,Mar,1,2024,202403,9,3,2024,n,2023-03-28
20240329,2024-03-29,5,29,1550,Friday,Fri,y,13,225,2024-03-25,20240325,3,51,March,Mar,1,2024,202403,9,3,2024,n,2023-03-29
20240330,2024-03-30,6,30,1551,Saturday,Sat,n,13,225,2024-03-25,20240325,3,51,March,Mar,1,2024,202403,9,3,2024,n,2023-03-30
20240331,2024-03-31,7,31,1552,Sunday,Sun,n,13,225,2024-03-25,20240325,3,51,March,Mar,1,2024,202403,9,3,2024,y,2023-03-31
20240401,2024-04-01,1,1,1553,Monday,Mon,y,14,226,2024-04-01,20240401,4,52,April,Apr,2,2024,202404,10,4,2024,n,2023-04-01
20240402,2024-04-02,2,2,1554,Tuesday,Tue,y,14,226,2024-04-01,20240401,4,52,April,Apr,2,2024,202404,10,4,2024,n,2023-04-02
20240403,2024-04-03,3,3,1555,Wednesday,Wed,y,14,226,2024-04-01,20240401,4,52,April,Apr,2,2024,202404,10,4,2024,n,2023-04-03
20240404,2024-04-04,4,4,1556,Thursday,Thu,y,14,226,2024-04-01,20240401,4,52,April,Apr,2,2024,202404,10,4,2024,n,2023-04-04
20240405,2024-04-05,5,5,1557,Friday,Fri,y,14,226,2024-04-01,20240401,4,52,April,Apr,2,2024,202404,10,4,2024,n,2023-04-05
20240406,2024-04-06,6,6,1558,Saturday,Sat,n,14,226,2024-04-01,20240401,4,52,April,Apr,2,2024,202404,10,4,2024,n,2023-04-06
20240407,2024-04-07,7,7,1559,Sunday,Sun,n,14,226,2024-04-01,20240401,4,52,April,Apr,2,2024,202404,10,4,2024,n,2023-04-07
20240408,2024-04-08,1,8,1560,Monday,Mon,y,15,227,2024-04-08,20240408,4,52,April,Apr,2,2024,202404,10,4,2024,n,2023-04-08
20240409,2024-04-09,2,9,1561,Tuesday,Tue,y,15,227,2024-04-08,20240408,4,52,April,Apr,2,2024,202404,10,4,2024,n,2023-04-09
20240410,2024-04-10,3,10,1562,Wednesday,Wed,y,15,227,2024-04-08,20240408,4,52,April,Apr,2,2024,202404,10,4,2024,n,2023-04-10
20240411,2024-04-11,4,11,1563,Thursday,Thu,y,15,227,2024-04-08,20240408,4,52,April,Apr,2,2024,202404,10,4,2024,n,2023-04-11
20240412,2024-04-12,5,12,1564,Friday,Fri,y,15,227,2024-04-08,20240408,4,52,April,Apr,2,2024,202404,10,4,2024,n,2023-04-12
20240413,2024-04-13,6,13,1565,Saturday,Sat,n,15,227,2024-04-08,20240408,4,52,April,Apr,2,2024,202404,10,4,2024,n,2023-04-13
20240414,2024-04-14,7,14,1566,Sunday,Sun,n,15,227,2024-04-08,20240408,4,52,April,Apr,2,2024,202404,10,4,2024,n,2023-04-14
20240415,2024-04-15,1,15,1567,Monday,Mon,y,16,228,2024-04-15,20240415,4,52,April,Apr,2,2024,202404,10,4,2024,n,2023-04-15
20240416,2024-04-16,2,16,1568,Tuesday,Tue,y,16,228,2024-04-15,20240415,4,52,April,Apr,2,2024,202404,10,4,2024,n,2023-04-16
20240417,2024-04-17,3,17,1569,Wednesday,Wed,y,16,228,2024-04-15,20240415,4,52,April,Apr,2,2024,202404,10,4,2024,n,2023-04-17
20240418,2024-04-18,4,18,1570,Thursday,Thu,y,16,228,2024-04-15,20240415,4,52,April,Apr,2,2024,202404,10,4,2024,n,2023-04-18
20240419,2024-04-19,5,19,1571,Friday,Fri,y,16,228,2024-04-15,20240415,4,52,April,Apr,2,2024,202404,10,4,2024,n,2023-04-19
20240420,2024-04-20,6,20,1572,Saturday,Sat,n,16,228,2024-04-15,20240415,4,52,April,Apr,2,2024,202404,10,4,2024,n,2023-04-20
20240421,2024-04-21,7,21,1573,Sunday,Sun,n,16,228,2024-04-15,20240415,4,52,April,Apr,2,2024,202404,10,4,2024,n,2023-04-21
20240422,2024-04-22,1,22,1574,Monday,Mon,y,17,229,2024-04-22,20240422,4,52,April,Apr,2,2024,202404,10,4,2024,n,2023-04-22
20240423,2024-04-23,2,23,1575,Tuesday,Tue,y,17,229,2024-04-22,20240422,4,52,April,Apr,2,2024,202404,10,4,2024,n,2023-04-23
20240424,2024-04-24,3,24,1576,Wednesday,Wed,y,17,229,2024-04-22,20240422,4,52,April,Apr,2,2024,202404,10,4,2024,n,2023-04-24
20240425,2024-04-25,4,25,1577,Thursday,Thu,y,17,229,2024-04-22,20240422,4,52,April,Apr,2,2024,202404,10,4,2024,n,2023-04-25
20240426,2024-04-26,5,26,1578,Friday,Fri,y,17,229,2024-04-22,20240422,4,52,April,Apr,2,2024,202404,10,4,2024,n,2023-04-26
20240427,2024-04-27,6,27,1579,Saturday,Sat,n,17,229,2024-04-22,20240422,4,52,April,Apr,2,2024,202404,10,4,2024,n,2023-04-27
20240428,2024-04-28,7,28,1580,Sunday,Sun,n,17,229,2024-04-22,20240422,4,52,April,Apr,2,2024,202404,10,4,2024,n,2023-04-28
20240429,2024-04-29,1,29,1581,Monday,Mon,y,18,230,2024-04-29,20240429,4,52,April,Apr,2,2024,202404,10,4,2024,n,2023-04-29
20240430,2024-04-30,2,30,1582,Tuesday,Tue,y,18,230,2024-04-29,20240429,4,52,April,Apr,2,2024,202404,10,4,2024,y,2023-04-30
20240501,2024-05-01,3,1,1583,Wednesday,Wed,y,18,230,2024-04-29,20240429,5,53,May,May,2,2024,202405,11,4,2024,n,2023-05-01
20240502,2024-05-02,4,2,1584,Thursday,Thu,y,18,230,2024-04-29,20240429,5,53,May,May,2,2024,202405,11,4,2024,n,2023-05-02
20240503,2024-05-03,5,3,1585,Friday,Fri,y,18,230,2024-04-29,20240429,5,53,May,May,2,2024,202405,11,4,2024,n,2023-05-03
20240504,2024-05-04,6,4,1586,Saturday,Sat,n,18,230,2024-04-29,20240429,5,53,May,May,2,2024,202405,11,4,2024,n,2023-05-04
20240505,2024-05-05,7,5,1587,Sunday,Sun,n,18,230,2024-04-29,20240429,5,53,May,May,2,2024,202405,11,4,2024,n,2023-05-05
20240506,2024-05-06,1,6,1588,Monday,Mon,y,19,231,2024-05-06,20240506,5,53,May,May,2,2024,202405,11,4,2024,n,2023-05-06
20240507,2024-05-07,2,7,1589,Tuesday,Tue,y,19,231,2024-05-06,20240506,5,53,May,May,2,2024,202405,11,4,2024,n,2023-05-07
20240508,2024-05-08,3,8,1590,Wednesday,Wed,y,19,231,2024-05-06,20240506,5,53,May,May,2,2024,202405,11,4,2024,n,2023-05-08
20240509,2024-05-09,4,9,1591,Thursday,Thu,y,19,231,2024-05-06,20240506,5,53,May,May,2,2024,202405,11,4,2024,n,2023-05-09
20240510,2024-05-10,5,10,1592,Friday,Fri,y,19,231,2024-05-06,20240506,5,53,May,May,2,2024,202405,11,4,2024,n,2023-05-10
20240511,2024-05-11,6,11,1593,Saturday,Sat,n,19,231,2024-05-06,20240506,5,53,May,May,2,2024,202405,11,4,2024,n,2023-05-11
20240512,2024-05-12,7,12,1594,Sunday,Sun,n,19,231,2024-05-06,20240506,5,53,May,May,2,2024,202405,11,4,2024,n,2023-05-12
20240513,2024-05-13,1,13,1595,Monday,Mon,y,20,232,2024-05-13,20240513,5,53,May,May,2,2024,202405,11,4,2024,n,2023-05-13
20240514,2024-05-14,2,14,1596,Tuesday,Tue,y,20,232,2024-05-13,20240513,5,53,May,May,2,2024,202405,11,4,2024,n,2023-05-14
20240515,2024-05-15,3,15,1597,Wednesday,Wed,y,20,232,2024-05-13,20240513,5,53,May,May,2,2024,202405,11,4,2024,n,2023-05-15
20240516,2024-05-16,4,16,1598,Thursday,Thu,y,20,232,2024-05-13,20240513,5,53,May,May,2,2024,202405,11,4,2024,n,2023-05-16
20240517,2024-05-17,5,17,1599,Friday,Fri,y,20,232,2024-05-13,20240513,5,53,May,May,2,2024,202405,11,4,2024,n,2023-05-17
20240518,2024-05-18,6,18,1600,Saturday,Sat,n,20,232,2024-05-13,20240513,5,53,May,May,2,2024,202405,11,4,2024,n,2023-05-18
20240519,2024-05-19,7,19,1601,Sunday,Sun,n,20,232,2024-05-13,20240513,5,53,May,May,2,2024,202405,11,4,2024,n,2023-05-19
20240520,2024-05-20,1,20,1602,Monday,Mon,y,21,233,2024-05-20,20240520,5,53,May,May,2,2024,202405,11,4,2024,n,2023-05-20
20240521,2024-05-21,2,21,1603,Tuesday,Tue,y,21,233,2024-05-20,20240520,5,53,May,May,2,2024,202405,11,4,2024,n,2023-05-21
20240522,2024-05-22,3,22,1604,Wednesday,Wed,y,21,233,2024-05-20,20240520,5,53,May,May,2,2024,202405,11,4,2024,n,2023-05-22
20240523,2024-05-23,4,23,1605,Thursday,Thu,y,21,233,2024-05-20,20240520,5,53,May,May,2,2024,202405,11,4,2024,n,2023-05-23
20240524,2024-05-24,5,24,1606,Friday,Fri,y,21,233,2024-05-20,20240520,5,53,May,May,2,2024,202405,11,4,2024,n,2023-05-24
20240525,2024-05-25,6,25,1607,Saturday,Sat,n,21,233,2024-05-20,20240520,5,53,May,May,2,2024,202405,11,4,2024,n,2023-05-25
20240526,2024-05-26,7,26,1608,Sunday,Sun,n,21,233,2024-05-20,20240520,5,53,May,May,2,2024,202405,11,4,2024,n,2023-05-26
20240527,2024-05-27,1,27,1609,Monday,Mon,y,22,234,2024-05-27,20240527,5,53,May,May,2,2024,202405,11,4,2024,n,2023-05-27
20240528,2024-05-28,2,28,1610,Tuesday,Tue,y,22,234,2024-05-27,20240527,5,53,May,May,2,2024,202405,11,4,2024,n,2023-05-28
20240529,2024-05-29,3,29,1611,Wednesday,Wed,y,22,234,2024-05-27,20240527,5,53,May,May,2,2024,202405,11,4,2024,n,2023-05-29
20240530,2024-05-30,4,30,1612,Thursday,Thu,y,22,234,2024-05-27,20240527,5,53,May,May,2,2024,202405,11,4,2024,n,2023-05-30
20240531,2024-05-31,5,31,1613,Friday,Fri,y,22,234,2024-05-27,20240527,5,53,May,May,2,2024,202405,11,4,2024,y,2023-05-31
20240601,2024-06-01,6,1,1614,Saturday,Sat,n,22,234,2024-05-27,20240527,6,54,June,Jun,2,2024,202406,12,4,2024,n,2023-06-01
20240602,2024-06-02,7,2,1615,Sunday,Sun,n,22,234,2024-05-27,20240527,6,54,June,Jun,2,2024,202406,12,4,2024,n,2023-06-02
20240603,2024-06-03,1,3,1616,Monday,Mon,y,23,235,2024-06-03,20240603,6,54,June,Jun,2,2024,202406,12,4,2024,n,2023-06-03
20240604,2024-06-04,2,4,1617,Tuesday,Tue,y,23,235,2024-06-03,20240603,6,54,June,Jun,2,2024,202406,12,4,2024,n,2023-06-04
20240605,2024-06-05,3,5,1618,Wednesday,Wed,y,23,235,2024-06-03,20240603,6,54,June,Jun,2,2024,202406,12,4,2024,n,2023-06-05
20240606,2024-06-06,4,6,1619,Thursday,Thu,y,23,235,2024-06-03,20240603,6,54,June,Jun,2,2024,202406,12,4,2024,n,2023-06-06
20240607,2024-06-07,5,7,1620,Friday,Fri,y,23,235,2024-06-03,20240603,6,54,June,Jun,2,2024,202406,12,4,2024,n,2023-06-07
20240608,2024-06-08,6,8,1621,Saturday,Sat,n,23,235,2024-06-03,20240603,6,54,June,Jun,2,2024,202406,12,4,2024,n,2023-06-08
20240609,2024-06-09,7,9,1622,Sunday,Sun,n,23,235,2024-06-03,20240603,6,54,June,Jun,2,2024,202406,12,4,2024,n,2023-06-09
20240610,2024-06-10,1,10,1623,Monday,Mon,y,24,236,2024-06-10,20240610,6,54,June,Jun,2,2024,202406,12,4,2024,n,2023-06-10
20240611,2024-06-11,2,11,1624,Tuesday,Tue,y,24,236,2024-06-10,20240610,6,54,June,Jun,2,2024,202406,12,4,2024,n,2023-06-11
20240612,2024-06-12,3,12,1625,Wednesday,Wed,y,24,236,2024-06-10,20240610,6,54,June,Jun,2,2024,202406,12,4,2024,n,2023-06-12
20240613,2024-06-13,4,13,1626,Thursday,Thu,y,24,236,2024-06-10,20240610,6,54,June,Jun,2,2024,202406,12,4,2024,n,2023-06-13
20240614,2024-06-14,5,14,1627,Friday,Fri,y,24,236,2024-06-10,20240610,6,54,June,Jun,2,2024,202406,12,4,2024,n,2023-06-14
20240615,2024-06-15,6,15,1628,Saturday,Sat,n,24,236,2024-06-10,20240610,6,54,June,Jun,2,2024,202406,12,4,2024,n,2023-06-15
20240616,2024-06-16,7,16,1629,Sunday,Sun,n,24,236,2024-06-10,20240610,6,54,June,Jun,2,2024,202406,12,4,2024,n,2023-06-16
20240617,2024-06-17,1,17,1630,Monday,Mon,y,25,237,2024-06-17,20240617,6,54,June,Jun,2,2024,202406,12,4,2024,n,2023-06-17
20240618,2024-06-18,2,18,1631,Tuesday,Tue,y,25,237,2024-06-17,20240617,6,54,June,Jun,2,2024,202406,12,4,2024,n,2023-06-18
20240619,2024-06-19,3,19,1632,Wednesday,Wed,y,25,237,2024-06-17,20240617,6,54,June,Jun,2,2024,202406,12,4,2024,n,2023-06-19
20240620,2024-06-20,4,20,1633,Thursday,Thu,y,25,237,2024-06-17,20240617,6,54,June,Jun,2,2024,202406,12,4,2024,n,2023-06-20
20240621,2024-06-21,5,21,1634,Friday,Fri,y,25,237,2024-06-17,20240617,6,54,June,Jun,2,2024,202406,12,4,2024,n,2023-06-21
20240622,2024-06-22,6,22,1635,Saturday,Sat,n,25,237,2024-06-17,20240617,6,54,June,Jun,2,2024,202406,12,4,2024,n,2023-06-22
20240623,2024-06-23,7,23,1636,Sunday,Sun,n,25,237,2024-06-17,20240617,6,54,June,Jun,2,2024,202406,12,4,2024,n,2023-06-23
20240624,2024-06-24,1,24,1637,Monday,Mon,y,26,238,2024-06-24,20240624,6,54,June,Jun,2,2024,202406,12,4,2024,n,2023-06-24
20240625,2024-06-25,2,25,1638,Tuesday,Tue,y,26,238,2024-06-24,20240624,6,54,June,Jun,2,2024,202406,12,4,2024,n,2023-06-25
20240626,2024-06-26,3,26,1639,Wednesday,Wed,y,26,238,2024-06-24,20240624,6,54,June,Jun,2,2024,202406,12,4,2024,n,2023-06-26
20240627,2024-06-27,4,27,1640,Thursday,Thu,y,26,238,2024-06-24,20240624,6,54,June,Jun,2,2024,202406,12,4,2024,n,2023-06-27
20240628,2024-06-28,5,28,1641,Friday,Fri,y,26,238,2024-06-24,20240624,6,54,June,Jun,2,2024,202406,12,4,2024,n,2023-06-28
20240629,2024-06-29,6,29,1642,Saturday,Sat,n,26,238,2024-06-24,20240624,6,54,June,Jun,2,2024,202406,12,4,2024,n,2023-06-29
20240630,2024-06-30,7,30,1643,Sunday,Sun,n,26,238,2024-06-24,20240624,6,54,June,Jun,2,2024,202406,12,4,2024,y,2023-06-30
20240701,2024-07-01,1,1,1644,Monday,Mon,y,27,239,2024-07-01,20240701,7,55,July,Jul,3,2024,202407,1,1,2025,n,2023-07-01
20240702,2024-07-02,2,2,1645,Tuesday,Tue,y,27,239,2024-07-01,20240701,7,55,July,Jul,3,2024,202407,1,1,2025,n,2023-07-02
20240703,2024-07-03,3,3,1646,Wednesday,Wed,y,27,239,2024-07-01,20240701,7,55,July,Jul,3,2024,202407,1,1,2025,n,2023-07-03
20240704,2024-07-04,4,4,1647,Thursday,Thu,y,27,239,2024-07-01,20240701,7,55,July,Jul,3,2024,202407,1,1,2025,n,2023-07-04
20240705,2024-07-05,5,5,1648,Friday,Fri,y,27,239,2024-07-01,20240701,7,55,July,Jul,3,2024,202407,1,1,2025,n,2023-07-05
20240706,2024-07-06,6,6,1649,Saturday,Sat,n,27,239,2024-07-01,20240701,7,55,July,Jul,3,2024,202407,1,1,2025,n,2023-07-06
20240707,2024-07-07,7,7,1650,Sunday,Sun,n,27,239,2024-07-01,20240701,7,55,July,Jul,3,2024,202407,1,1,2025,n,2023-07-07
20240708,2024-07-08,1,8,1651,Monday,Mon,y,28,240,2024-07-08,20240708,7,55,July,Jul,3,2024,202407,1,1,2025,n,2023-07-08
20240709,2024-07-09,2,9,1652,Tuesday,Tue,y,28,240,2024-07-08,20240708,7,55,July,Jul,3,2024,202407,1,1,2025,n,2023-07-09
20240710,2024-07-10,3,10,1653,Wednesday,Wed,y,28,240,2024-07-08,20240708,7,55,July,Jul,3,2024,202407,1,1,2025,n,2023-07-10
20240711,2024-07-11,4,11,1654,Thursday,Thu,y,28,240,2024-07-08,20240708,7,55,July,Jul,3,2024,202407,1,1,2025,n,2023-07-11
20240712,2024-07-12,5,12,1655,Friday,Fri,y,28,240,2024-07-08,20240708,7,55,July,Jul,3,2024,202407,1,1,2025,n,2023-07-12
20240713,2024-07-13,6,13,1656,Saturday,Sat,n,28,240,2024-07-08,20240708,7,55,July,Jul,3,2024,202407,1,1,2025,n,2023-07-13
20240714,2024-07-14,7,14,1657,Sunday,Sun,n,28,240,2024-07-08,20240708,7,55,July,Jul,3,2024,202407,1,1,2025,n,2023-07-14
20240715,2024-07-15,1,15,1658,Monday,Mon,y,29,241,2024-07-15,20240715,7,55,July,Jul,3,2024,202407,1,1,2025,n,2023-07-15
20240716,2024-07-16,2,16,1659,Tuesday,Tue,y,29,241,2024-07-15,20240715,7,55,July,Jul,3,2024,202407,1,1,2025,n,2023-07-16
20240717,2024-07-17,3,17,1660,Wednesday,Wed,y,29,241,2024-07-15,20240715,7,55,July,Jul,3,2024,202407,1,1,2025,n,2023-07-17
20240718,2024-07-18,4,18,1661,Thursday,Thu,y,29,241,2024-07-15,20240715,7,55,July,Jul,3,2024,202407,1,1,2025,n,2023-07-18
20240719,2024-07-19,5,19,1662,Friday,Fri,y,29,241,2024-07-15,20240715,7,55,July,Jul,3,2024,202407,1,1,2025,n,2023-07-19
20240720,2024-07-20,6,20,1663,Saturday,Sat,n,29,241,2024-07-15,20240715,7,55,July,Jul,3,2024,202407,1,1,2025,n,2023-07-20
20240721,2024-07-21,7,21,1664,Sunday,Sun,n,29,241,2024-07-15,20240715,7,55,July,Jul,3,2024,202407,1,1,2025,n,2023-07-21
20240722,2024-07-22,1,22,1665,Monday,Mon,y,30,242,2024-07-22,20240722,7,55,July,Jul,3,2024,202407,1,1,2025,n,2023-07-22
20240723,2024-07-23,2,23,1666,Tuesday,Tue,y,30,242,2024-07-22,20240722,7,55,July,Jul,3,2024,202407,1,1,2025,n,2023-07-23
20240724,2024-07-24,3,24,1667,Wednesday,Wed,y,30,242,2024-07-22,20240722,7,55,July,Jul,3,2024,202407,1,1,2025,n,2023-07-24
20240725,2024-07-25,4,25,1668,Thursday,Thu,y,30,242,2024-07-22,20240722,7,55,July,Jul,3,2024,202407,1,1,2025,n,2023-07-25
20240726,2024-07-26,5,26,1669,Friday,Fri,y,30,242,2024-07-22,20240722,7,55,July,Jul,3,2024,202407,1,1,2025,n,2023-07-26
20240727,2024-07-27,6,27,1670,Saturday,Sat,n,30,242,2024-07-22,20240722,7,55,July,Jul,3,2024,202407,1,1,2025,n,2023-07-27
20240728,2024-07-28,7,28,1671,Sunday,Sun,n,30,242,2024-07-22,20240722,7,55,July,Jul,3,2024,202407,1,1,2025,n,2023-07-28
20240729,2024-07-29,1,29,1672,Monday,Mon,y,31,243,2024-07-29,20240729,7,55,July,Jul,3,2024,202407,1,1,2025,n,2023-07-29
20240730,2024-07-30,2,30,1673,Tuesday,Tue,y,31,243,2024-07-29,20240729,7,55,July,Jul,3,2024,202407,1,1,2025,n,2023-07-30
20240731,2024-07-31,3,31,1674,Wednesday,Wed,y,31,243,2024-07-29,20240729,7,55,July,Jul,3,2024,202407,1,1,2025,y,2023-07-31
20240801,2024-08-01,4,1,1675,Thursday,Thu,y,31,243,2024-07-29,20240729,8,56,August,Aug,3,2024,202408,2,1,2025,n,2023-08-01
20240802,2024-08-02,5,2,1676,Friday,Fri,y,31,243,2024-07-29,20240729,8,56,August,Aug,3,2024,202408,2,1,2025,n,2023-08-02
20240803,2024-08-03,6,3,1677,Saturday,Sat,n,31,243,2024-07-29,20240729,8,56,August,Aug,3,2024,202408,2,1,2025,n,2023-08-03
20240804,2024-08-04,7,4,1678,Sunday,Sun,n,31,243,2024-07-29,20240729,8,56,August,Aug,3,2024,202408,2,1,2025,n,2023-08-04
20240805,2024-08-05,1,5,1679,Monday,Mon,y,32,244,2024-08-05,20240805,8,56,August,Aug,3,2024,202408,2,1,2025,n,2023-08-05
20240806,2024-08-06,2,6,1680,Tuesday,Tue,y,32,244,2024-08-05,20240805,8,56,August,Aug,3,2024,202408,2,1,2025,n,2023-08-06
20240807,2024-08-07,3,7,1681,Wednesday,Wed,y,32,244,2024-08-05,20240805,8,56,August,Aug,3,2024,202408,2,1,2025,n,2023-08-07
20240808,2024-08-08,4,8,1682,Thursday,Thu,y,32,244,2024-08-05,20240805,8,56,August,Aug,3,2024,202408,2,1,2025,n,2023-08-08
20240809,2024-08-09,5,9,1683,Friday,Fri,y,32,244,2024-08-05,20240805,8,56,August,Aug,3,2024,202408,2,1,2025,n,2023-08-09
20240810,2024-08-10,6,10,1684,Saturday,Sat,n,32,244,2024-08-05,20240805,8,56,August,Aug,3,2024,202408,2,1,2025,n,2023-08-10
20240811,2024-08-11,7,11,1685,Sunday,Sun,n,32,244,2024-08-05,20240805,8,56,August,Aug,3,2024,202408,2,1,2025,n,2023-08-11
20240812,2024-08-12,1,12,1686,Monday,Mon,y,33,245,2024-08-12,20240812,8,56,August,Aug,3,2024,202408,2,1,2025,n,2023-08-12
20240813,2024-08-13,2,13,1687,Tuesday,Tue,y,33,245,2024-08-12,20240812,8,56,August,Aug,3,2024,202408,2,1,2025,n,2023-08-13
20240814,2024-08-14,3,14,1688,Wednesday,Wed,y,33,245,2024-08-12,20240812,8,56,August,Aug,3,2024,202408,2,1,2025,n,2023-08-14
20240815,2024-08-15,4,15,1689,Thursday,Thu,y,33,245,2024-08-12,20240812,8,56,August,Aug,3,2024,202408,2,1,2025,n,2023-08-15
20240816,2024-08-16,5,16,1690,Friday,Fri,y,33,245,2024-08-12,20240812,8,56,August,Aug,3,2024,202408,2,1,2025,n,2023-08-16
20240817,2024-08-17,6,17,1691,Saturday,Sat,n,33,245,2024-08-12,20240812,8,56,August,Aug,3,2024,202408,2,1,2025,n,2023-08-17
20240818,2024-08-18,7,18,1692,Sunday,Sun,n,33,245,2024-08-12,20240812,8,56,August,Aug,3,2024,202408,2,1,2025,n,2023-08-18
20240819,2024-08-19,1,19,1693,Monday,Mon,y,34,246,2024-08-19,20240819,8,56,August,Aug,3,2024,202408,2,1,2025,n,2023-08-19
20240820,2024-08-20,2,20,1694,Tuesday,Tue,y,34,246,2024-08-19,20240819,8,56,August,Aug,3,2024,202408,2,1,2025,n,2023-08-20
20240821,2024-08-21,3,21,1695,Wednesday,Wed,y,34,246,2024-08-19,20240819,8,56,August,Aug,3,2024,202408,2,1,2025,n,2023-08-21
20240822,2024-08-22,4,22,1696,Thursday,Thu,y,34,246,2024-08-19,20240819,8,56,August,Aug,3,2024,202408,2,1,2025,n,2023-08-22
20240823,2024-08-23,5,23,1697,Friday,Fri,y,34,246,2024-08-19,20240819,8,56,August,Aug,3,2024,202408,2,1,2025,n,2023-08-23
20240824,2024-08-24,6,24,1698,Saturday,Sat,n,34,246,2024-08-19,20240819,8,56,August,Aug,3,2024,202408,2,1,2025,n,2023-08-24
20240825,2024-08-25,7,25,1699,Sunday,Sun,n,34,246,2024-08-19,20240819,8,56,August,Aug,3,2024,202408,2,1,2025,n,2023-08-25
20240826,2024-08-26,1,26,1700,Monday,Mon,y,35,247,2024-08-26,20240826,8,56,August,Aug,3,2024,202408,2,1,2025,n,2023-08-26
20240827,2024-08-27,2,27,1701,Tuesday,Tue,y,35,247,2024-08-26,20240826,8,56,August,Aug,3,2024,202408,2,1,2025,n,2023-08-27
20240828,2024-08-28,3,28,1702,Wednesday,Wed,y,35,247,2024-08-26,20240826,8,56,August,Aug,3,2024,202408,2,1,2025,n,2023-08-28
20240829,2024-08-29,4,29,1703,Thursday,Thu,y,35,247,2024-08-26,20240826,8,56,August,Aug,3,2024,202408,2,1,2025,n,2023-08-29
20240830,2024-08-30,5,30,1704,Friday,Fri,y,35,247,2024-08-26,20240826,8,56,August,Aug,3,2024,202408,2,1,2025,n,2023-08-30
20240831,2024-08-31,6,31,1705,Saturday,Sat,n,35,247,2024-08-26,20240826,8,56,August,Aug,3,2024,202408,2,1,2025,y,2023-08-31
20240901,2024-09-01,7,1,1706,Sunday,Sun,n,35,247,2024-08-26,20240826,9,57,September,Sep,3,2024,202409,3,1,2025,n,2023-09-01
20240902,2024-09-02,1,2,1707,Monday,Mon,y,36,248,2024-09-02,20240902,9,57,September,Sep,3,2024,202409,3,1,2025,n,2023-09-02
20240903,2024-09-03,2,3,1708,Tuesday,Tue,y,36,248,2024-09-02,20240902,9,57,September,Sep,3,2024,202409,3,1,2025,n,2023-09-03
20240904,2024-09-04,3,4,1709,Wednesday,Wed,y,36,248,2024-09-02,20240902,9,57,September,Sep,3,2024,202409,3,1,2025,n,2023-09-04
20240905,2024-09-05,4,5,1710,Thursday,Thu,y,36,248,2024-09-02,20240902,9,57,September,Sep,3,2024,202409,3,1,2025,n,2023-09-05
20240906,2024-09-06,5,6,1711,Friday,Fri,y,36,248,2024-09-02,20240902,9,57,September,Sep,3,2024,202409,3,1,2025,n,2023-09-06
20240907,2024-09-07,6,7,1712,Saturday,Sat,n,36,248,2024-09-02,20240902,9,57,September,Sep,3,2024,202409,3,1,2025,n,2023-09-07
20240908,2024-09-08,7,8,1713,Sunday,Sun,n,36,248,2024-09-02,20240902,9,57,September,Sep,3,2024,202409,3,1,2025,n,2023-09-08
20240909,2024-09-09,1,9,1714,Monday,Mon,y,37,249,2024-09-09,20240909,9,57,September,Sep,3,2024,202409,3,1,2025,n,2023-09-09
20240910,2024-09-10,2,10,1715,Tuesday,Tue,y,37,249,2024-09-09,20240909,9,57,September,Sep,3,2024,202409,3,1,2025,n,2023-09-10
20240911,2024-09-11,3,11,1716,Wednesday,Wed,y,37,249,2024-09-09,20240909,9,57,September,Sep,3,2024,202409,3,1,2025,n,2023-09-11
20240912,2024-09-12,4,12,1717,Thursday,Thu,y,37,249,2024-09-09,20240909,9,57,September,Sep,3,2024,202409,3,1,2025,n,2023-09-12
20240913,2024-09-13,5,13,1718,Friday,Fri,y,37,249,2024-09-09,20240909,9,57,September,Sep,3,2024,202409,3,1,2025,n,2023-09-13
20240914,2024-09-14,6,14,1719,Saturday,Sat,n,37,249,2024-09-09,20240909,9,57,September,Sep,3,2024,202409,3,1,2025,n,2023-09-14
20240915,2024-09-15,7,15,1720,Sunday,Sun,n,37,249,2024-09-09,20240909,9,57,September,Sep,3,2024,202409,3,1,2025,n,2023-09-15
20240916,2024-09-16,1,16,1721,Monday,Mon,y,38,250,2024-09-16,20240916,9,57,September,Sep,3,2024,202409,3,1,2025,n,2023-09-16
20240917,2024-09-17,2,17,1722,Tuesday,Tue,y,38,250,2024-09-16,20240916,9,57,September,Sep,3,2024,202409,3,1,2025,n,2023-09-17
20240918,2024-09-18,3,18,1723,Wednesday,Wed,y,38,250,2024-09-16,20240916,9,57,September,Sep,3,2024,202409,3,1,2025,n,2023-09-18
20240919,2024-09-19,4,19,1724,Thursday,Thu,y,38,250,2024-09-16,20240916,9,57,September,Sep,3,2024,202409,3,1,2025,n,2023-09-19
20240920,2024-09-20,5,20,1725,Friday,Fri,y,38,250,2024-09-16,20240916,9,57,September,Sep,3,2024,202409,3,1,2025,n,2023-09-20
20240921,2024-09-21,6,21,1726,Saturday,Sat,n,38,250,2024-09-16,20240916,9,57,September,Sep,3,2024,202409,3,1,2025,n,2023-09-21
20240922,2024-09-22,7,22,1727,Sunday,Sun,n,38,250,2024-09-16,20240916,9,57,September,Sep,3,2024,202409,3,1,2025,n,2023-09-22
20240923,2024-09-23,1,23,1728,Monday,Mon,y,39,251,2024-09-23,20240923,9,57,September,Sep,3,2024,202409,3,1,2025,n,2023-09-23
20240924,2024-09-24,2,24,1729,Tuesday,Tue,y,39,251,2024-09-23,20240923,9,57,September,Sep,3,2024,202409,3,1,2025,n,2023-09-24
20240925,2024-09-25,3,25,1730,Wednesday,Wed,y,39,251,2024-09-23,20240923,9,57,September,Sep,3,2024,202409,3,1,2025,n,2023-09-25
20240926,2024-09-26,4,26,1731,Thursday,Thu,y,39,251,2024-09-23,20240923,9,57,September,Sep,3,2024,202409,3,1,2025,n,2023-09-26
20240927,2024-09-27,5,27,1732,Friday,Fri,y,39,251,2024-09-23,20240923,9,57,September,Sep,3,2024,202409,3,1,2025,n,2023-09-27
20240928,2024-09-28,6,28,1733,Saturday,Sat,n,39,251,2024-09-23,20240923,9,57,September,Sep,3,2024,202409,3,1,2025,n,2023-09-28
20240929,2024-09-29,7,29,1734,Sunday,Sun,n,39,251,2024-09-23,20240923,9,57,September,Sep,3,2024,202409,3,1,2025,n,2023-09-29
20240930,2024-09-30,1,30,1735,Monday,Mon,y,40,252,2024-09-30,20240930,9,57,September,Sep,3,2024,202409,3,1,2025,y,2023-09-30
20241001,2024-10-01,2,1,1736,Tuesday,Tue,y,40,252,2024-09-30,20240930,10,58,October,Oct,4,2024,202410,4,2,2025,n,2023-10-01
20241002,2024-10-02,3,2,1737,Wednesday,Wed,y,40,252,2024-09-30,20240930,10,58,October,Oct,4,2024,202410,4,2,2025,n,2023-10-02
20241003,2024-10-03,4,3,1738,Thursday,Thu,y,40,252,2024-09-30,20240930,10,58,October,Oct,4,2024,202410,4,2,2025,n,2023-10-03
20241004,2024-10-04,5,4,1739,Friday,Fri,y,40,252,2024-09-30,20240930,10,58,October,Oct,4,2024,202410,4,2,2025,n,2023-10-04
20241005,2024-10-05,6,5,1740,Saturday,Sat,n,40,252,2024-09-30,20240930,10,58,October,Oct,4,2024,202410,4,2,2025,n,2023-10-05
20241006,2024-10-06,7,6,1741,Sunday,Sun,n,40,252,2024-09-30,20240930,10,58,October,Oct,4,2024,202410,4,2,2025,n,2023-10-06
20241007,2024-10-07,1,7,1742,Monday,Mon,y,41,253,2024-10-07,20241007,10,58,October,Oct,4,2024,202410,4,2,2025,n,2023-10-07
20241008,2024-10-08,2,8,1743,Tuesday,Tue,y,41,253,2024-10-07,20241007,10,58,October,Oct,4,2024,202410,4,2,2025,n,2023-10-08
20241009,2024-10-09,3,9,1744,Wednesday,Wed,y,41,253,2024-10-07,20241007,10,58,October,Oct,4,2024,202410,4,2,2025,n,2023-10-09
20241010,2024-10-10,4,10,1745,Thursday,Thu,y,41,253,2024-10-07,20241007,10,58,October,Oct,4,2024,202410,4,2,2025,n,2023-10-10
20241011,2024-10-11,5,11,1746,Friday,Fri,y,41,253,2024-10-07,20241007,10,58,October,Oct,4,2024,202410,4,2,2025,n,2023-10-11
20241012,2024-10-12,6,12,1747,Saturday,Sat,n,41,253,2024-10-07,20241007,10,58,October,Oct,4,2024,202410,4,2,2025,n,2023-10-12
20241013,2024-10-13,7,13,1748,Sunday,Sun,n,41,253,2024-10-07,20241007,10,58,October,Oct,4,2024,202410,4,2,2025,n,2023-10-13
20241014,2024-10-14,1,14,1749,Monday,Mon,y,42,254,2024-10-14,20241014,10,58,October,Oct,4,2024,202410,4,2,2025,n,2023-10-14
20241015,2024-10-15,2,15,1750,Tuesday,Tue,y,42,254,2024-10-14,20241014,10,58,October,Oct,4,2024,202410,4,2,2025,n,2023-10-15
20241016,2024-10-16,3,16,1751,Wednesday,Wed,y,42,254,2024-10-14,20241014,10,58,October,Oct,4,2024,202410,4,2,2025,n,2023-10-16
20241017,2024-10-17,4,17,1752,Thursday,Thu,y,42,254,2024-10-14,20241014,10,58,October,Oct,4,2024,202410,4,2,2025,n,2023-10-17
20241018,2024-10-18,5,18,1753,Friday,Fri,y,42,254,2024-10-14,20241014,10,58,October,Oct,4,2024,202410,4,2,2025,n,2023-10-18
20241019,2024-10-19,6,19,1754,Saturday,Sat,n,42,254,2024-10-14,20241014,10,58,October,Oct,4,2024,202410,4,2,2025,n,2023-10-19
20241020,2024-10-20,7,20,1755,Sunday,Sun,n,42,254,2024-10-14,20241014,10,58,October,Oct,4,2024,202410,4,2,2025,n,2023-10-20
20241021,2024-10-21,1,21,1756,Monday,Mon,y,43,255,2024-10-21,20241021,10,58,October,Oct,4,2024,202410,4,2,2025,n,2023-10-21
20241022,2024-10-22,2,22,1757,Tuesday,Tue,y,43,255,2024-10-21,20241021,10,58,October,Oct,4,2024,202410,4,2,2025,n,2023-10-22
20241023,2024-10-23,3,23,1758,Wednesday,Wed,y,43,255,2024-10-21,20241021,10,58,October,Oct,4,2024,202410,4,2,2025,n,2023-10-23
20241024,2024-10-24,4,24,1759,Thursday,Thu,y,43,255,2024-10-21,20241021,10,58,October,Oct,4,2024,202410,4,2,2025,n,2023-10-24
20241025,2024-10-25,5,25,1760,Friday,Fri,y,43,255,2024-10-21,20241021,10,58,October,Oct,4,2024,202410,4,2,2025,n,2023-10-25
20241026,2024-10-26,6,26,1761,Saturday,Sat,n,43,255,2024-10-21,20241021,10,58,October,Oct,4,2024,202410,4,2,2025,n,2023-10-26
20241027,2024-10-27,7,27,1762,Sunday,Sun,n,43,255,2024-10-21,20241021,10,58,October,Oct,4,2024,202410,4,2,2025,n,2023-10-27
20241028,2024-10-28,1,28,1763,Monday,Mon,y,44,256,2024-10-28,20241028,10,58,October,Oct,4,2024,202410,4,2,2025,n,2023-10-28
20241029,2024-10-29,2,29,1764,Tuesday,Tue,y,44,256,2024-10-28,20241028,10,58,October,Oct,4,2024,202410,4,2,2025,n,2023-10-29
20241030,2024-10-30,3,30,1765,Wednesday,Wed,y,44,256,2024-10-28,20241028,10,58,October,Oct,4,2024,202410,4,2,2025,n,2023-10-30
20241031,2024-10-31,4,31,1766,Thursday,Thu,y,44,256,2024-10-28,20241028,10,58,October,Oct,4,2024,202410,4,2,2025,y,2023-10-31
20241101,2024-11-01,5,1,1767,Friday,Fri,y,44,256,2024-10-28,20241028,11,59,November,Nov,4,2024,202411,5,2,2025,n,2023-11-01
20241102,2024-11-02,6,2,1768,Saturday,Sat,n,44,256,2024-10-28,20241028,11,59,November,Nov,4,2024,202411,5,2,2025,n,2023-11-02
20241103,2024-11-03,7,3,1769,Sunday,Sun,n,44,256,2024-10-28,20241028,11,59,November,Nov,4,2024,202411,5,2,2025,n,2023-11-03
20241104,2024-11-04,1,4,1770,Monday,Mon,y,45,257,2024-11-04,20241104,11,59,November,Nov,4,2024,202411,5,2,2025,n,2023-11-04
20241105,2024-11-05,2,5,1771,Tuesday,Tue,y,45,257,2024-11-04,20241104,11,59,November,Nov,4,2024,202411,5,2,2025,n,2023-11-05
20241106,2024-11-06,3,6,1772,Wednesday,Wed,y,45,257,2024-11-04,20241104,11,59,November,Nov,4,2024,202411,5,2,2025,n,2023-11-06
20241107,2024-11-07,4,7,1773,Thursday,Thu,y,45,257,2024-11-04,20241104,11,59,November,Nov,4,2024,202411,5,2,2025,n,2023-11-07
20241108,2024-11-08,5,8,1774,Friday,Fri,y,45,257,2024-11-04,20241104,11,59,November,Nov,4,2024,202411,5,2,2025,n,2023-11-08
20241109,2024-11-09,6,9,1775,Saturday,Sat,n,45,257,2024-11-04,20241104,11,59,November,Nov,4,2024,202411,5,2,2025,n,2023-11-09
20241110,2024-11-10,7,10,1776,Sunday,Sun,n,45,257,2024-11-04,20241104,11,59,November,Nov,4,2024,202411,5,2,2025,n,2023-11-10
20241111,2024-11-11,1,11,1777,Monday,Mon,y,46,258,2024-11-11,20241111,11,59,November,Nov,4,2024,202411,5,2,2025,n,2023-11-11
20241112,2024-11-12,2,12,1778,Tuesday,Tue,y,46,258,2024-11-11,20241111,11,59,November,Nov,4,2024,202411,5,2,2025,n,2023-11-12
20241113,2024-11-13,3,13,1779,Wednesday,Wed,y,46,258,2024-11-11,20241111,11,59,November,Nov,4,2024,202411,5,2,2025,n,2023-11-13
20241114,2024-11-14,4,14,1780,Thursday,Thu,y,46,258,2024-11-11,20241111,11,59,November,Nov,4,2024,202411,5,2,2025,n,2023-11-14
20241115,2024-11-15,5,15,1781,Friday,Fri,y,46,258,2024-11-11,20241111,11,59,November,Nov,4,2024,202411,5,2,2025,n,2023-11-15
20241116,2024-11-16,6,16,1782,Saturday,Sat,n,46,258,2024-11-11,20241111,11,59,November,Nov,4,2024,202411,5,2,2025,n,2023-11-16
20241117,2024-11-17,7,17,1783,Sunday,Sun,n,46,258,2024-11-11,20241111,11,59,November,Nov,4,2024,202411,5,2,2025,n,2023-11-17
20241118,2024-11-18,1,18,1784,Monday,Mon,y,47,259,2024-11-18,20241118,11,59,November,Nov,4,2024,202411,5,2,2025,n,2023-11-18
20241119,2024-11-19,2,19,1785,Tuesday,Tue,y,47,259,2024-11-18,20241118,11,59,November,Nov,4,2024,202411,5,2,2025,n,2023-11-19
20241120,2024-11-20,3,20,1786,Wednesday,Wed,y,47,259,2024-11-18,20241118,11,59,November,Nov,4,2024,202411,5,2,2025,n,2023-11-20
20241121,2024-11-21,4,21,1787,Thursday,Thu,y,47,259,2024-11-18,20241118,11,59,November,Nov,4,2024,202411,5,2,2025,n,2023-11-21
20241122,2024-11-22,5,22,1788,Friday,Fri,y,47,259,2024-11-18,20241118,11,59,November,Nov,4,2024,202411,5,2,2025,n,2023-11-22
20241123,2024-11-23,6,23,1789,Saturday,Sat,n,47,259,2024-11-18,20241118,11,59,November,Nov,4,2024,202411,5,2,2025,n,2023-11-23
20241124,2024-11-24,7,24,1790,Sunday,Sun,n,47,259,2024-11-18,20241118,11,59,November,Nov,4,2024,202411,5,2,2025,n,2023-11-24
20241125,2024-11-25,1,25,1791,Monday,Mon,y,48,260,2024-11-25,20241125,11,59,November,Nov,4,2024,202411,5,2,2025,n,2023-11-25
20241126,2024-11-26,2,26,1792,Tuesday,Tue,y,48,260,2024-11-25,20241125,11,59,November,Nov,4,2024,202411,5,2,2025,n,2023-11-26
20241127,2024-11-27,3,27,1793,Wednesday,Wed,y,48,260,2024-11-25,20241125,11,59,November,Nov,4,2024,202411,5,2,2025,n,2023-11-27
20241128,2024-11-28,4,28,1794,Thursday,Thu,y,48,260,2024-11-25,20241125,11,59,November,Nov,4,2024,202411,5,2,2025,n,2023-11-28
20241129,2024-11-29,5,29,1795,Friday,Fri,y,48,260,2024-11-25,20241125,11,59,November,Nov,4,2024,202411,5,2,2025,n,2023-11-29
20241130,2024-11-30,6,30,1796,Saturday,Sat,n,48,260,2024-11-25,20241125,11,59,November,Nov,4,2024,202411,5,2,2025,y,2023-11-30
20241201,2024-12-01,7,1,1797,Sunday,Sun,n,48,260,2024-11-25,20241125,12,60,December,Dec,4,2024,202412,6,2,2025,n,2023-12-01
20241202,2024-12-02,1,2,1798,Monday,Mon,y,49,261,2024-12-02,20241202,12,60,December,Dec,4,2024,202412,6,2,2025,n,2023-12-02
20241203,2024-12-03,2,3,1799,Tuesday,Tue,y,49,261,2024-12-02,20241202,12,60,December,Dec,4,2024,202412,6,2,2025,n,2023-12-03
20241204,2024-12-04,3,4,1800,Wednesday,Wed,y,49,261,2024-12-02,20241202,12,60,December,Dec,4,2024,202412,6,2,2025,n,2023-12-04
20241205,2024-12-05,4,5,1801,Thursday,Thu,y,49,261,2024-12-02,20241202,12,60,December,Dec,4,2024,202412,6,2,2025,n,2023-12-05
20241206,2024-12-06,5,6,1802,Friday,Fri,y,49,261,2024-12-02,20241202,12,60,December,Dec,4,2024,202412,6,2,2025,n,2023-12-06
20241207,2024-12-07,6,7,1803,Saturday,Sat,n,49,261,2024-12-02,20241202,12,60,December,Dec,4,2024,202412,6,2,2025,n,2023-12-07
20241208,2024-12-08,7,8,1804,Sunday,Sun,n,49,261,2024-12-02,20241202,12,60,December,Dec,4,2024,202412,6,2,2025,n,2023-12-08
20241209,2024-12-09,1,9,1805,Monday,Mon,y,50,262,2024-12-09,20241209,12,60,December,Dec,4,2024,202412,6,2,2025,n,2023-12-09
20241210,2024-12-10,2,10,1806,Tuesday,Tue,y,50,262,2024-12-09,20241209,12,60,December,Dec,4,2024,202412,6,2,2025,n,2023-12-10
20241211,2024-12-11,3,11,1807,Wednesday,Wed,y,50,262,2024-12-09,20241209,12,60,December,Dec,4,2024,202412,6,2,2025,n,2023-12-11
20241212,2024-12-12,4,12,1808,Thursday,Thu,y,50,262,2024-12-09,20241209,12,60,December,Dec,4,2024,202412,6,2,2025,n,2023-12-12
20241213,2024-12-13,5,13,1809,Friday,Fri,y,50,262,2024-12-09,20241209,12,60,December,Dec,4,2024,202412,6,2,2025,n,2023-12-13
20241214,2024-12-14,6,14,1810,Saturday,Sat,n,50,262,2024-12-09,20241209,12,60,December,Dec,4,2024,202412,6,2,2025,n,2023-12-14
20241215,2024-12-15,7,15,1811,Sunday,Sun,n,50,262,2024-12-09,20241209,12,60,December,Dec,4,2024,202412,6,2,2025,n,2023-12-15
20241216,2024-12-16,1,16,1812,Monday,Mon,y,51,263,2024-12-16,20241216,12,60,December,Dec,4,2024,202412,6,2,2025,n,2023-12-16
20241217,2024-12-17,2,17,1813,Tuesday,Tue,y,51,263,2024-12-16,20241216,12,60,December,Dec,4,2024,202412,6,2,2025,n,2023-12-17
20241218,2024-12-18,3,18,1814,Wednesday,Wed,y,51,263,2024-12-16,20241216,12,60,December,Dec,4,2024,202412,6,2,2025,n,2023-12-18
20241219,2024-12-19,4,19,1815,Thursday,Thu,y,51,263,2024-12-16,20241216,12,60,December,Dec,4,2024,202412,6,2,2025,n,2023-12-19
20241220,2024-12-20,5,20,1816,Friday,Fri,y,51,263,2024-12-16,20241216,12,60,December,Dec,4,2024,202412,6,2,2025,n,2023-12-20
20241221,2024-12-21,6,21,1817,Saturday,Sat,n,51,263,2024-12-16,20241216,12,60,December,Dec,4,2024,202412,6,2,2025,n,2023-12-21
20241222,2024-12-22,7,22,1818,Sunday,Sun,n,51,263,2024-12-16,20241216,12,60,December,Dec,4,2024,202412,6,2,2025,n,2023-12-22
20241223,2024-12-23,1,23,1819,Monday,Mon,y,52,264,2024-12-23,20241223,12,60,December,Dec,4,2024,202412,6,2,2025,n,2023-12-23
20241224,2024-12-24,2,24,1820,Tuesday,Tue,y,52,264,2024-12-23,20241223,12,60,December,Dec,4,2024,202412,6,2,2025,n,2023-12-24
20241225,2024-12-25,3,25,1821,Wednesday,Wed,y,52,264,2024-12-23,20241223,12,60,December,Dec,4,2024,202412,6,2,2025,n,2023-12-25
20241226,2024-12-26,4,26,1822,Thursday,Thu,y,52,264,2024-12-23,20241223,12,60,December,Dec,4,2024,202412,6,2,2025,n,2023-12-26
20241227,2024-12-27,5,27,1823,Friday,Fri,y,52,264,2024-12-23,20241223,12,60,December,Dec,4,2024,202412,6,2,2025,n,2023-12-27
20241228,2024-12-28,6,28,1824,Saturday,Sat,n,52,264,2024-12-23,20241223,12,60,December,Dec,4,2024,202412,6,2,2025,n,2023-12-28
20241229,2024-12-29,7,29,1825,Sunday,Sun,n,52,264,2024-12-23,20241223,12,60,December,Dec,4,2024,202412,6,2,2025,n,2023-12-29
20241230,2024-12-30,1,30,1826,Monday,Mon,y,53,265,2024-12-30,20241230,12,60,December,Dec,4,2024,202412,6,2,2025,n,2023-12-30
20241231,2024-12-31,2,31,1827,Tuesday,Tue,y,53,265,2024-12-30,20241230,12,60,December,Dec,4,2024,202412,6,2,2025,y,2023-12-31
20250101,2025-01-01,3,1,1828,Wednesday,Wed,y,1,266,2024-12-30,20241230,1,61,January,Jan,1,2025,202501,7,3,2025,n,2024-01-01
20250102,2025-01-02,4,2,1829,Thursday,Thu,y,1,266,2024-12-30,20241230,1,61,January,Jan,1,2025,202501,7,3,2025,n,2024-01-02
20250103,2025-01-03,5,3,1830,Friday,Fri,y,1,266,2024-12-30,20241230,1,61,January,Jan,1,2025,202501,7,3,2025,n,2024-01-03
20250104,2025-01-04,6,4,1831,Saturday,Sat,n,1,266,2024-12-30,20241230,1,61,January,Jan,1,2025,202501,7,3,2025,n,2024-01-04
20250105,2025-01-05,7,5,1832,Sunday,Sun,n,1,266,2024-12-30,20241230,1,61,January,Jan,1,2025,202501,7,3,2025,n,2024-01-05
20250106,2025-01-06,1,6,1833,Monday,Mon,y,2,267,2025-01-06,20250106,1,61,January,Jan,1,2025,202501,7,3,2025,n,2024-01-06
20250107,2025-01-07,2,7,1834,Tuesday,Tue,y,2,267,2025-01-06,20250106,1,61,January,Jan,1,2025,202501,7,3,2025,n,2024-01-07
20250108,2025-01-08,3,8,1835,Wednesday,Wed,y,2,267,2025-01-06,20250106,1,61,January,Jan,1,2025,202501,7,3,2025,n,2024-01-08
20250109,2025-01-09,4,9,1836,Thursday,Thu,y,2,267,2025-01-06,20250106,1,61,January,Jan,1,2025,202501,7,3,2025,n,2024-01-09
20250110,2025-01-10,5,10,1837,Friday,Fri,y,2,267,2025-01-06,20250106,1,61,January,Jan,1,2025,202501,7,3,2025,n,2024-01-10
20250111,2025-01-11,6,11,1838,Saturday,Sat,n,2,267,2025-01-06,20250106,1,61,January,Jan,1,2025,202501,7,3,2025,n,2024-01-11
20250112,2025-01-12,7,12,1839,Sunday,Sun,n,2,267,2025-01-06,20250106,1,61,January,Jan,1,2025,202501,7,3,2025,n,2024-01-12
20250113,2025-01-13,1,13,1840,Monday,Mon,y,3,268,2025-01-13,20250113,1,61,January,Jan,1,2025,202501,7,3,2025,n,2024-01-13
20250114,2025-01-14,2,14,1841,Tuesday,Tue,y,3,268,2025-01-13,20250113,1,61,January,Jan,1,2025,202501,7,3,2025,n,2024-01-14
20250115,2025-01-15,3,15,1842,Wednesday,Wed,y,3,268,2025-01-13,20250113,1,61,January,Jan,1,2025,202501,7,3,2025,n,2024-01-15
20250116,2025-01-16,4,16,1843,Thursday,Thu,y,3,268,2025-01-13,20250113,1,61,January,Jan,1,2025,202501,7,3,2025,n,2024-01-16
20250117,2025-01-17,5,17,1844,Friday,Fri,y,3,268,2025-01-13,20250113,1,61,January,Jan,1,2025,202501,7,3,2025,n,2024-01-17
20250118,2025-01-18,6,18,1845,Saturday,Sat,n,3,268,2025-01-13,20250113,1,61,January,Jan,1,2025,202501,7,3,2025,n,2024-01-18
20250119,2025-01-19,7,19,1846,Sunday,Sun,n,3,268,2025-01-13,20250113,1,61,January,Jan,1,2025,202501,7,3,2025,n,2024-01-19
20250120,2025-01-20,1,20,1847,Monday,Mon,y,4,269,2025-01-20,20250120,1,61,January,Jan,1,2025,202501,7,3,2025,n,2024-01-20
20250121,2025-01-21,2,21,1848,Tuesday,Tue,y,4,269,2025-01-20,20250120,1,61,January,Jan,1,2025,202501,7,3,2025,n,2024-01-21
20250122,2025-01-22,3,22,1849,Wednesday,Wed,y,4,269,2025-01-20,20250120,1,61,January,Jan,1,2025,202501,7,3,2025,n,2024-01-22
20250123,2025-01-23,4,23,1850,Thursday,Thu,y,4,269,2025-01-20,20250120,1,61,January,Jan,1,2025,202501,7,3,2025,n,2024-01-23
20250124,2025-01-24,5,24,1851,Friday,Fri,y,4,269,2025-01-20,20250120,1,61,January,Jan,1,2025,202501,7,3,2025,n,2024-01-24
20250125,2025-01-25,6,25,1852,Saturday,Sat,n,4,269,2025-01-20,20250120,1,61,January,Jan,1,2025,202501,7,3,2025,n,2024-01-25
20250126,2025-01-26,7,26,1853,Sunday,Sun,n,4,269,2025-01-20,20250120,1,61,January,Jan,1,2025,202501,7,3,2025,n,2024-01-26
20250127,2025-01-27,1,27,1854,Monday,Mon,y,5,270,2025-01-27,20250127,1,61,January,Jan,1,2025,202501,7,3,2025,n,2024-01-27
20250128,2025-01-28,2,28,1855,Tuesday,Tue,y,5,270,2025-01-27,20250127,1,61,January,Jan,1,2025,202501,7,3,2025,n,2024-01-28
20250129,2025-01-29,3,29,1856,Wednesday,Wed,y,5,270,2025-01-27,20250127,1,61,January,Jan,1,2025,202501,7,3,2025,n,2024-01-29
20250130,2025-01-30,4,30,1857,Thursday,Thu,y,5,270,2025-01-27,20250127,1,61,January,Jan,1,2025,202501,7,3,2025,n,2024-01-30
20250131,2025-01-31,5,31,1858,Friday,Fri,y,5,270,2025-01-27,20250127,1,61,January,Jan,1,2025,202501,7,3,2025,y,2024-01-31
20250201,2025-02-01,6,1,1859,Saturday,Sat,n,5,270,2025-01-27,20250127,2,62,February,Feb,1,2025,202502,8,3,2025,n,2024-02-01
20250202,2025-02-02,7,2,1860,Sunday,Sun,n,5,270,2025-01-27,20250127,2,62,February,Feb,1,2025,202502,8,3,2025,n,2024-02-02
20250203,2025-02-03,1,3,1861,Monday,Mon,y,6,271,2025-02-03,20250203,2,62,February,Feb,1,2025,202502,8,3,2025,n,2024-02-03
20250204,2025-02-04,2,4,1862,Tuesday,Tue,y,6,271,2025-02-03,20250203,2,62,February,Feb,1,2025,202502,8,3,2025,n,2024-02-04
20250205,2025-02-05,3,5,1863,Wednesday,Wed,y,6,271,2025-02-03,20250203,2,62,February,Feb,1,2025,202502,8,3,2025,n,2024-02-05
20250206,2025-02-06,4,6,1864,Thursday,Thu,y,6,271,2025-02-03,20250203,2,62,February,Feb,1,2025,202502,8,3,2025,n,2024-02-06
20250207,2025-02-07,5,7,1865,Friday,Fri,y,6,271,2025-02-03,20250203,2,62,February,Feb,1,2025,202502,8,3,2025,n,2024-02-07
20250208,2025-02-08,6,8,1866,Saturday,Sat,n,6,271,2025-02-03,20250203,2,62,February,Feb,1,2025,202502,8,3,2025,n,2024-02-08
20250209,2025-02-09,7,9,1867,Sunday,Sun,n,6,271,2025-02-03,20250203,2,62,February,Feb,1,2025,202502,8,3,2025,n,2024-02-09
20250210,2025-02-10,1,10,1868,Monday,Mon,y,7,272,2025-02-10,20250210,2,62,February,Feb,1,2025,202502,8,3,2025,n,2024-02-10
20250211,2025-02-11,2,11,1869,Tuesday,Tue,y,7,272,2025-02-10,20250210,2,62,February,Feb,1,2025,202502,8,3,2025,n,2024-02-11
20250212,2025-02-12,3,12,1870,Wednesday,Wed,y,7,272,2025-02-10,20250210,2,62,February,Feb,1,2025,202502,8,3,2025,n,2024-02-12
20250213,2025-02-13,4,13,1871,Thursday,Thu,y,7,272,2025-02-10,20250210,2,62,February,Feb,1,2025,202502,8,3,2025,n,2024-02-13
20250214,2025-02-14,5,14,1872,Friday,Fri,y,7,272,2025-02-10,20250210,2,62,February,Feb,1,2025,202502,8,3,2025,n,2024-02-14
20250215,2025-02-15,6,15,1873,Saturday,Sat,n,7,272,2025-02-10,20250210,2,62,February,Feb,1,2025,202502,8,3,2025,n,2024-02-15
20250216,2025-02-16,7,16,1874,Sunday,Sun,n,7,272,2025-02-10,20250210,2,62,February,Feb,1,2025,202502,8,3,2025,n,2024-02-16
20250217,2025-02-17,1,17,1875,Monday,Mon,y,8,273,2025-02-17,20250217,2,62,February,Feb,1,2025,202502,8,3,2025,n,2024-02-17
20250218,2025-02-18,2,18,1876,Tuesday,Tue,y,8,273,2025-02-17,20250217,2,62,February,Feb,1,2025,202502,8,3,2025,n,2024-02-18
20250219,2025-02-19,3,19,1877,Wednesday,Wed,y,8,273,2025-02-17,20250217,2,62,February,Feb,1,2025,202502,8,3,2025,n,2024-02-19
20250220,2025-02-20,4,20,1878,Thursday,Thu,y,8,273,2025-02-17,20250217,2,62,February,Feb,1,2025,202502,8,3,2025,n,2024-02-20
20250221,2025-02-21,5,21,1879,Friday,Fri,y,8,273,2025-02-17,20250217,2,62,February,Feb,1,2025,202502,8,3,2025,n,2024-02-21
20250222,2025-02-22,6,22,1880,Saturday,Sat,n,8,273,2025-02-17,20250217,2,62,February,Feb,1,2025,202502,8,3,2025,n,2024-02-22
20250223,2025-02-23,7,23,1881,Sunday,Sun,n,8,273,2025-02-17,20250217,2,62,February,Feb,1,2025,202502,8,3,2025,n,2024-02-23
20250224,2025-02-24,1,24,1882,Monday,Mon,y,9,274,2025-02-24,20250224,2,62,February,Feb,1,2025,202502,8,3,2025,n,2024-02-24
20250225,2025-02-25,2,25,1883,Tuesday,Tue,y,9,274,2025-02-24,20250224,2,62,February,Feb,1,2025,202502,8,3,2025,n,2024-02-25
20250226,2025-02-26,3,26,1884,Wednesday,Wed,y,9,274,2025-02-24,20250224,2,62,February,Feb,1,2025,202502,8,3,2025,n,2024-02-26
20250227,2025-02-27,4,27,1885,Thursday,Thu,y,9,274,2025-02-24,20250224,2,62,February,Feb,1,2025,202502,8,3,2025,n,2024-02-27
20250228,2025-02-28,5,28,1886,Friday,Fri,y,9,274,2025-02-24,20250224,2,62,February,Feb,1,2025,202502,8,3,2025,y,2024-02-28
20250301,2025-03-01,6,1,1887,Saturday,Sat,n,9,274,2025-02-24,20250224,3,63,March,Mar,1,2025,202503,9,3,2025,n,2024-03-01
20250302,2025-03-02,7,2,1888,Sunday,Sun,n,9,274,2025-02-24,20250224,3,63,March,Mar,1,2025,202503,9,3,2025,n,2024-03-02
20250303,2025-03-03,1,3,1889,Monday,Mon,y,10,275,2025-03-03,20250303,3,63,March,Mar,1,2025,202503,9,3,2025,n,2024-03-03
20250304,2025-03-04,2,4,1890,Tuesday,Tue,y,10,275,2025-03-03,20250303,3,63,March,Mar,1,2025,202503,9,3,2025,n,2024-03-04
20250305,2025-03-05,3,5,1891,Wednesday,Wed,y,10,275,2025-03-03,20250303,3,63,March,Mar,1,2025,202503,9,3,2025,n,2024-03-05
20250306,2025-03-06,4,6,1892,Thursday,Thu,y,10,275,2025-03-03,20250303,3,63,March,Mar,1,2025,202503,9,3,2025,n,2024-03-06
20250307,2025-03-07,5,7,1893,Friday,Fri,y,10,275,2025-03-03,20250303,3,63,March,Mar,1,2025,202503,9,3,2025,n,2024-03-07
20250308,2025-03-08,6,8,1894,Saturday,Sat,n,10,275,2025-03-03,20250303,3,63,March,Mar,1,2025,202503,9,3,2025,n,2024-03-08
20250309,2025-03-09,7,9,1895,Sunday,Sun,n,10,275,2025-03-03,20250303,3,63,March,Mar,1,2025,202503,9,3,2025,n,2024-03-09
20250310,2025-03-10,1,10,1896,Monday,Mon,y,11,276,2025-03-10,20250310,3,63,March,Mar,1,2025,202503,9,3,2025,n,2024-03-10
20250311,2025-03-11,2,11,1897,Tuesday,Tue,y,11,276,2025-03-10,20250310,3,63,March,Mar,1,2025,202503,9,3,2025,n,2024-03-11
20250312,2025-03-12,3,12,1898,Wednesday,Wed,y,11,276,2025-03-10,20250310,3,63,March,Mar,1,2025,202503,9,3,2025,n,2024-03-12
20250313,2025-03-13,4,13,1899,Thursday,Thu,y,11,276,2025-03-10,20250310,3,63,March,Mar,1,2025,202503,9,3,2025,n,2024-03-13
20250314,2025-03-14,5,14,1900,Friday,Fri,y,11,276,2025-03-10,20250310,3,63,March,Mar,1,2025,202503,9,3,2025,n,2024-03-14
20250315,2025-03-15,6,15,1901,Saturday,Sat,n,11,276,2025-03-10,20250310,3,63,March,Mar,1,2025,202503,9,3,2025,n,2024-03-15
20250316,2025-03-16,7,16,1902,Sunday,Sun,n,11,276,2025-03-10,20250310,3,63,March,Mar,1,2025,202503,9,3,2025,n,2024-03-16
20250317,2025-03-17,1,17,1903,Monday,Mon,y,12,277,2025-03-17,20250317,3,63,March,Mar,1,2025,202503,9,3,2025,n,2024-03-17
20250318,2025-03-18,2,18,1904,Tuesday,Tue,y,12,277,2025-03-17,20250317,3,63,March,Mar,1,2025,202503,9,3,2025,n,2024-03-18
20250319,2025-03-19,3,19,1905,Wednesday,Wed,y,12,277,2025-03-17,20250317,3,63,March,Mar,1,2025,202503,9,3,2025,n,2024-03-19
20250320,2025-03-20,4,20,1906,Thursday,Thu,y,12,277,2025-03-17,20250317,3,63,March,Mar,1,2025,202503,9,3,2025,n,2024-03-20
20250321,2025-03-21,5,21,1907,Friday,Fri,y,12,277,2025-03-17,20250317,3,63,March,Mar,1,2025,202503,9,3,2025,n,2024-03-21
20250322,2025-03-22,6,22,1908,Saturday,Sat,n,12,277,2025-03-17,20250317,3,63,March,Mar,1,2025,202503,9,3,2025,n,2024-03-22
20250323,2025-03-23,7,23,1909,Sunday,Sun,n,12,277,2025-03-17,20250317,3,63,March,Mar,1,2025,202503,9,3,2025,n,2024-03-23
20250324,2025-03-24,1,24,1910,Monday,Mon,y,13,278,2025-03-24,20250324,3,63,March,Mar,1,2025,202503,9,3,2025,n,2024-03-24
20250325,2025-03-25,2,25,1911,Tuesday,Tue,y,13,278,2025-03-24,20250324,3,63,March,Mar,1,2025,202503,9,3,2025,n,2024-03-25
20250326,2025-03-26,3,26,1912,Wednesday,Wed,y,13,278,2025-03-24,20250324,3,63,March,Mar,1,2025,202503,9,3,2025,n,2024-03-26
20250327,2025-03-27,4,27,1913,Thursday,Thu,y,13,278,2025-03-24,20250324,3,63,March,Mar,1,2025,202503,9,3,2025,n,2024-03-27
20250328,2025-03-28,5,28,1914,Friday,Fri,y,13,278,2025-03-24,20250324,3,63,March,Mar,1,2025,202503,9,3,2025,n,2024-03-28
20250329,2025-03-29,6,29,1915,Saturday,Sat,n,13,278,2025-03-24,20250324,3,63,March,Mar,1,2025,202503,9,3,2025,n,2024-03-29
20250330,2025-03-30,7,30,1916,Sunday,Sun,n,13,278,2025-03-24,20250324,3,63,March,Mar,1,2025,202503,9,3,2025,n,2024-03-30
20250331,2025-03-31,1,31,1917,Monday,Mon,y,14,279,2025-03-31,20250331,3,63,March,Mar,1,2025,202503,9,3,2025,y,2024-03-31
20250401,2025-04-01,2,1,1918,Tuesday,Tue,y,14,279,2025-03-31,20250331,4,64,April,Apr,2,2025,202504,10,4,2025,n,2024-04-01
20250402,2025-04-02,3,2,1919,Wednesday,Wed,y,14,279,2025-03-31,20250331,4,64,April,Apr,2,2025,202504,10,4,2025,n,2024-04-02
20250403,2025-04-03,4,3,1920,Thursday,Thu,y,14,279,2025-03-31,20250331,4,64,April,Apr,2,2025,202504,10,4,2025,n,2024-04-03
20250404,2025-04-04,5,4,1921,Friday,Fri,y,14,279,2025-03-31,20250331,4,64,April,Apr,2,2025,202504,10,4,2025,n,2024-04-04
20250405,2025-04-05,6,5,1922,Saturday,Sat,n,14,279,2025-03-31,20250331,4,64,April,Apr,2,2025,202504,10,4,2025,n,2024-04-05
20250406,2025-04-06,7,6,1923,Sunday,Sun,n,14,279,2025-03-31,20250331,4,64,April,Apr,2,2025,202504,10,4,2025,n,2024-04-06
20250407,2025-04-07,1,7,1924,Monday,Mon,y,15,280,2025-04-07,20250407,4,64,April,Apr,2,2025,202504,10,4,2025,n,2024-04-07
20250408,2025-04-08,2,8,1925,Tuesday,Tue,y,15,280,2025-04-07,20250407,4,64,April,Apr,2,2025,202504,10,4,2025,n,2024-04-08
20250409,2025-04-09,3,9,1926,Wednesday,Wed,y,15,280,2025-04-07,20250407,4,64,April,Apr,2,2025,202504,10,4,2025,n,2024-04-09
20250410,2025-04-10,4,10,1927,Thursday,Thu,y,15,280,2025-04-07,20250407,4,64,April,Apr,2,2025,202504,10,4,2025,n,2024-04-10
20250411,2025-04-11,5,11,1928,Friday,Fri,y,15,280,2025-04-07,20250407,4,64,April,Apr,2,2025,202504,10,4,2025,n,2024-04-11
20250412,2025-04-12,6,12,1929,Saturday,Sat,n,15,280,2025-04-07,20250407,4,64,April,Apr,2,2025,202504,10,4,2025,n,2024-04-12
20250413,2025-04-13,7,13,1930,Sunday,Sun,n,15,280,2025-04-07,20250407,4,64,April,Apr,2,2025,202504,10,4,2025,n,2024-04-13
20250414,2025-04-14,1,14,1931,Monday,Mon,y,16,281,2025-04-14,20250414,4,64,April,Apr,2,2025,202504,10,4,2025,n,2024-04-14
20250415,2025-04-15,2,15,1932,Tuesday,Tue,y,16,281,2025-04-14,20250414,4,64,April,Apr,2,2025,202504,10,4,2025,n,2024-04-15
20250416,2025-04-16,3,16,1933,Wednesday,Wed,y,16,281,2025-04-14,20250414,4,64,April,Apr,2,2025,202504,10,4,2025,n,2024-04-16
20250417,2025-04-17,4,17,1934,Thursday,Thu,y,16,281,2025-04-14,20250414,4,64,April,Apr,2,2025,202504,10,4,2025,n,2024-04-17
20250418,2025-04-18,5,18,1935,Friday,Fri,y,16,281,2025-04-14,20250414,4,64,April,Apr,2,2025,202504,10,4,2025,n,2024-04-18
20250419,2025-04-19,6,19,1936,Saturday,Sat,n,16,281,2025-04-14,20250414,4,64,April,Apr,2,2025,202504,10,4,2025,n,2024-04-19
20250420,2025-04-20,7,20,1937,Sunday,Sun,n,16,281,2025-04-14,20250414,4,64,April,Apr,2,2025,202504,10,4,2025,n,2024-04-20
20250421,2025-04-21,1,21,1938,Monday,Mon,y,17,282,2025-04-21,20250421,4,64,April,Apr,2,2025,202504,10,4,2025,n,2024-04-21
20250422,2025-04-22,2,22,1939,Tuesday,Tue,y,17,282,2025-04-21,20250421,4,64,April,Apr,2,2025,202504,10,4,2025,n,2024-04-22
20250423,2025-04-23,3,23,1940,Wednesday,Wed,y,17,282,2025-04-21,20250421,4,64,April,Apr,2,2025,202504,10,4,2025,n,2024-04-23
20250424,2025-04-24,4,24,1941,Thursday,Thu,y,17,282,2025-04-21,20250421,4,64,April,Apr,2,2025,202504,10,4,2025,n,2024-04-24
20250425,2025-04-25,5,25,1942,Friday,Fri,y,17,282,2025-04-21,20250421,4,64,April,Apr,2,2025,202504,10,4,2025,n,2024-04-25
20250426,2025-04-26,6,26,1943,Saturday,Sat,n,17,282,2025-04-21,20250421,4,64,April,Apr,2,2025,202504,10,4,2025,n,2024-04-26
20250427,2025-04-27,7,27,1944,Sunday,Sun,n,17,282,2025-04-21,20250421,4,64,April,Apr,2,2025,202504,10,4,2025,n,2024-04-27
20250428,2025-04-28,1,28,1945,Monday,Mon,y,18,283,2025-04-28,20250428,4,64,April,Apr,2,2025,202504,10,4,2025,n,2024-04-28
20250429,2025-04-29,2,29,1946,Tuesday,Tue,y,18,283,2025-04-28,20250428,4,64,April,Apr,2,2025,202504,10,4,2025,n,2024-04-29
20250430,2025-04-30,3,30,1947,Wednesday,Wed,y,18,283,2025-04-28,20250428,4,64,April,Apr,2,2025,202504,10,4,2025,y,2024-04-30
20250501,2025-05-01,4,1,1948,Thursday,Thu,y,18,283,2025-04-28,20250428,5,65,May,May,2,2025,202505,11,4,2025,n,2024-05-01
20250502,2025-05-02,5,2,1949,Friday,Fri,y,18,283,2025-04-28,20250428,5,65,May,May,2,2025,202505,11,4,2025,n,2024-05-02
20250503,2025-05-03,6,3,1950,Saturday,Sat,n,18,283,2025-04-28,20250428,5,65,May,May,2,2025,202505,11,4,2025,n,2024-05-03
20250504,2025-05-04,7,4,1951,Sunday,Sun,n,18,283,2025-04-28,20250428,5,65,May,May,2,2025,202505,11,4,2025,n,2024-05-04
20250505,2025-05-05,1,5,1952,Monday,Mon,y,19,284,2025-05-05,20250505,5,65,May,May,2,2025,202505,11,4,2025,n,2024-05-05
20250506,2025-05-06,2,6,1953,Tuesday,Tue,y,19,284,2025-05-05,20250505,5,65,May,May,2,2025,202505,11,4,2025,n,2024-05-06
20250507,2025-05-07,3,7,1954,Wednesday,Wed,y,19,284,2025-05-05,20250505,5,65,May,May,2,2025,202505,11,4,2025,n,2024-05-07
20250508,2025-05-08,4,8,1955,Thursday,Thu,y,19,284,2025-05-05,20250505,5,65,May,May,2,2025,202505,11,4,2025,n,2024-05-08
20250509,2025-05-09,5,9,1956,Friday,Fri,y,19,284,2025-05-05,20250505,5,65,May,May,2,2025,202505,11,4,2025,n,2024-05-09
20250510,2025-05-10,6,10,1957,Saturday,Sat,n,19,284,2025-05-05,20250505,5,65,May,May,2,2025,202505,11,4,2025,n,2024-05-10
20250511,2025-05-11,7,11,1958,Sunday,Sun,n,19,284,2025-05-05,20250505,5,65,May,May,2,2025,202505,11,4,2025,n,2024-05-11
20250512,2025-05-12,1,12,1959,Monday,Mon,y,20,285,2025-05-12,20250512,5,65,May,May,2,2025,202505,11,4,2025,n,2024-05-12
20250513,2025-05-13,2,13,1960,Tuesday,Tue,y,20,285,2025-05-12,20250512,5,65,May,May,2,2025,202505,11,4,2025,n,2024-05-13
20250514,2025-05-14,3,14,1961,Wednesday,Wed,y,20,285,2025-05-12,20250512,5,65,May,May,2,2025,202505,11,4,2025,n,2024-05-14
20250515,2025-05-15,4,15,1962,Thursday,Thu,y,20,285,2025-05-12,20250512,5,65,May,May,2,2025,202505,11,4,2025,n,2024-05-15
20250516,2025-05-16,5,16,1963,Friday,Fri,y,20,285,2025-05-12,20250512,5,65,May,May,2,2025,202505,11,4,2025,n,2024-05-16
20250517,2025-05-17,6,17,1964,Saturday,Sat,n,20,285,2025-05-12,20250512,5,65,May,May,2,2025,202505,11,4,2025,n,2024-05-17
20250518,2025-05-18,7,18,1965,Sunday,Sun,n,20,285,2025-05-12,20250512,5,65,May,May,2,2025,202505,11,4,2025,n,2024-05-18
20250519,2025-05-19,1,19,1966,Monday,Mon,y,21,286,2025-05-19,20250519,5,65,May,May,2,2025,202505,11,4,2025,n,2024-05-19
20250520,2025-05-20,2,20,1967,Tuesday,Tue,y,21,286,2025-05-19,20250519,5,65,May,May,2,2025,202505,11,4,2025,n,2024-05-20
20250521,2025-05-21,3,21,1968,Wednesday,Wed,y,21,286,2025-05-19,20250519,5,65,May,May,2,2025,202505,11,4,2025,n,2024-05-21
20250522,2025-05-22,4,22,1969,Thursday,Thu,y,21,286,2025-05-19,20250519,5,65,May,May,2,2025,202505,11,4,2025,n,2024-05-22
20250523,2025-05-23,5,23,1970,Friday,Fri,y,21,286,2025-05-19,20250519,5,65,May,May,2,2025,202505,11,4,2025,n,2024-05-23
20250524,2025-05-24,6,24,1971,Saturday,Sat,n,21,286,2025-05-19,20250519,5,65,May,May,2,2025,202505,11,4,2025,n,2024-05-24
20250525,2025-05-25,7,25,1972,Sunday,Sun,n,21,286,2025-05-19,20250519,5,65,May,May,2,2025,202505,11,4,2025,n,2024-05-25
20250526,2025-05-26,1,26,1973,Monday,Mon,y,22,287,2025-05-26,20250526,5,65,May,May,2,2025,202505,11,4,2025,n,2024-05-26
20250527,2025-05-27,2,27,1974,Tuesday,Tue,y,22,287,2025-05-26,20250526,5,65,May,May,2,2025,202505,11,4,2025,n,2024-05-27
20250528,2025-05-28,3,28,1975,Wednesday,Wed,y,22,287,2025-05-26,20250526,5,65,May,May,2,2025,202505,11,4,2025,n,2024-05-28
20250529,2025-05-29,4,29,1976,Thursday,Thu,y,22,287,2025-05-26,20250526,5,65,May,May,2,2025,202505,11,4,2025,n,2024-05-29
20250530,2025-05-30,5,30,1977,Friday,Fri,y,22,287,2025-05-26,20250526,5,65,May,May,2,2025,202505,11,4,2025,n,2024-05-30
20250531,2025-05-31,6,31,1978,Saturday,Sat,n,22,287,2025-05-26,20250526,5,65,May,May,2,2025,202505,11,4,2025,y,2024-05-31
20250601,2025-06-01,7,1,1979,Sunday,Sun,n,22,287,2025-05-26,20250526,6,66,June,Jun,2,2025,202506,12,4,2025,n,2024-06-01
20250602,2025-06-02,1,2,1980,Monday,Mon,y,23,288,2025-06-02,20250602,6,66,June,Jun,2,2025,202506,12,4,2025,n,2024-06-02
20250603,2025-06-03,2,3,1981,Tuesday,Tue,y,23,288,2025-06-02,20250602,6,66,June,Jun,2,2025,202506,12,4,2025,n,2024-06-03
20250604,2025-06-04,3,4,1982,Wednesday,Wed,y,23,288,2025-06-02,20250602,6,66,June,Jun,2,2025,202506,12,4,2025,n,2024-06-04
20250605,2025-06-05,4,5,1983,Thursday,Thu,y,23,288,2025-06-02,20250602,6,66,June,Jun,2,2025,202506,12,4,2025,n,2024-06-05
20250606,2025-06-06,5,6,1984,Friday,Fri,y,23,288,2025-06-02,20250602,6,66,June,Jun,2,2025,202506,12,4,2025,n,2024-06-06
20250607,2025-06-07,6,7,1985,Saturday,Sat,n,23,288,2025-06-02,20250602,6,66,June,Jun,2,2025,202506,12,4,2025,n,2024-06-07
20250608,2025-06-08,7,8,1986,Sunday,Sun,n,23,288,2025-06-02,20250602,6,66,June,Jun,2,2025,202506,12,4,2025,n,2024-06-08
20250609,2025-06-09,1,9,1987,Monday,Mon,y,24,289,2025-06-09,20250609,6,66,June,Jun,2,2025,202506,12,4,2025,n,2024-06-09
20250610,2025-06-10,2,10,1988,Tuesday,Tue,y,24,289,2025-06-09,20250609,6,66,June,Jun,2,2025,202506,12,4,2025,n,2024-06-10
20250611,2025-06-11,3,11,1989,Wednesday,Wed,y,24,289,2025-06-09,20250609,6,66,June,Jun,2,2025,202506,12,4,2025,n,2024-06-11
20250612,2025-06-12,4,12,1990,Thursday,Thu,y,24,289,2025-06-09,20250609,6,66,June,Jun,2,2025,202506,12,4,2025,n,2024-06-12
20250613,2025-06-13,5,13,1991,Friday,Fri,y,24,289,2025-06-09,20250609,6,66,June,Jun,2,2025,202506,12,4,2025,n,2024-06-13
20250614,2025-06-14,6,14,1992,Saturday,Sat,n,24,289,2025-06-09,20250609,6,66,June,Jun,2,2025,202506,12,4,2025,n,2024-06-14
20250615,2025-06-15,7,15,1993,Sunday,Sun,n,24,289,2025-06-09,20250609,6,66,June,Jun,2,2025,202506,12,4,2025,n,2024-06-15
20250616,2025-06-16,1,16,1994,Monday,Mon,y,25,290,2025-06-16,20250616,6,66,June,Jun,2,2025,202506,12,4,2025,n,2024-06-16
20250617,2025-06-17,2,17,1995,Tuesday,Tue,y,25,290,2025-06-16,20250616,6,66,June,Jun,2,2025,202506,12,4,2025,n,2024-06-17
20250618,2025-06-18,3,18,1996,Wednesday,Wed,y,25,290,2025-06-16,20250616,6,66,June,Jun,2,2025,202506,12,4,2025,n,2024-06-18
20250619,2025-06-19,4,19,1997,Thursday,Thu,y,25,290,2025-06-16,20250616,6,66,June,Jun,2,2025,202506,12,4,2025,n,2024-06-19
20250620,2025-06-20,5,20,1998,Friday,Fri,y,25,290,2025-06-16,20250616,6,66,June,Jun,2,2025,202506,12,4,2025,n,2024-06-20
20250621,2025-06-21,6,21,1999,Saturday,Sat,n,25,290,2025-06-16,20250616,6,66,June,Jun,2,2025,202506,12,4,2025,n,2024-06-21
20250622,2025-06-22,7,22,2000,Sunday,Sun,n,25,290,2025-06-16,20250616,6,66,June,Jun,2,2025,202506,12,4,2025,n,2024-06-22
20250623,2025-06-23,1,23,2001,Monday,Mon,y,26,291,2025-06-23,20250623,6,66,June,Jun,2,2025,202506,12,4,2025,n,2024-06-23
20250624,2025-06-24,2,24,2002,Tuesday,Tue,y,26,291,2025-06-23,20250623,6,66,June,Jun,2,2025,202506,12,4,2025,n,2024-06-24
20250625,2025-06-25,3,25,2003,Wednesday,Wed,y,26,291,2025-06-23,20250623,6,66,June,Jun,2,2025,202506,12,4,2025,n,2024-06-25
20250626,2025-06-26,4,26,2004,Thursday,Thu,y,26,291,2025-06-23,20250623,6,66,June,Jun,2,2025,202506,12,4,2025,n,2024-06-26
20250627,2025-06-27,5,27,2005,Friday,Fri,y,26,291,2025-06-23,20250623,6,66,June,Jun,2,2025,202506,12,4,2025,n,2024-06-27
20250628,2025-06-28,6,28,2006,Saturday,Sat,n,26,291,2025-06-23,20250623,6,66,June,Jun,2,2025,202506,12,4,2025,n,2024-06-28
20250629,2025-06-29,7,29,2007,Sunday,Sun,n,26,291,2025-06-23,20250623,6,66,June,Jun,2,2025,202506,12,4,2025,n,2024-06-29
20250630,2025-06-30,1,30,2008,Monday,Mon,y,27,292,2025-06-30,20250630,6,66,June,Jun,2,2025,202506,12,4,2025,y,2024-06-30
20250701,2025-07-01,2,1,2009,Tuesday,Tue,y,27,292,2025-06-30,20250630,7,67,July,Jul,3,2025,202507,1,1,2026,n,2024-07-01
20250702,2025-07-02,3,2,2010,Wednesday,Wed,y,27,292,2025-06-30,20250630,7,67,July,Jul,3,2025,202507,1,1,2026,n,2024-07-02
20250703,2025-07-03,4,3,2011,Thursday,Thu,y,27,292,2025-06-30,20250630,7,67,July,Jul,3,2025,202507,1,1,2026,n,2024-07-03
20250704,2025-07-04,5,4,2012,Friday,Fri,y,27,292,2025-06-30,20250630,7,67,July,Jul,3,2025,202507,1,1,2026,n,2024-07-04
20250705,2025-07-05,6,5,2013,Saturday,Sat,n,27,292,2025-06-30,20250630,7,67,July,Jul,3,2025,202507,1,1,2026,n,2024-07-05
20250706,2025-07-06,7,6,2014,Sunday,Sun,n,27,292,2025-06-30,20250630,7,67,July,Jul,3,2025,202507,1,1,2026,n,2024-07-06
20250707,2025-07-07,1,7,2015,Monday,Mon,y,28,293,2025-07-07,20250707,7,67,July,Jul,3,2025,202507,1,1,2026,n,2024-07-07
20250708,2025-07-08,2,8,2016,Tuesday,Tue,y,28,293,2025-07-07,20250707,7,67,July,Jul,3,2025,202507,1,1,2026,n,2024-07-08
20250709,2025-07-09,3,9,2017,Wednesday,Wed,y,28,293,2025-07-07,20250707,7,67,July,Jul,3,2025,202507,1,1,2026,n,2024-07-09
20250710,2025-07-10,4,10,2018,Thursday,Thu,y,28,293,2025-07-07,20250707,7,67,July,Jul,3,2025,202507,1,1,2026,n,2024-07-10
20250711,2025-07-11,5,11,2019,Friday,Fri,y,28,293,2025-07-07,20250707,7,67,July,Jul,3,2025,202507,1,1,2026,n,2024-07-11
20250712,2025-07-12,6,12,2020,Saturday,Sat,n,28,293,2025-07-07,20250707,7,67,July,Jul,3,2025,202507,1,1,2026,n,2024-07-12
20250713,2025-07-13,7,13,2021,Sunday,Sun,n,28,293,2025-07-07,20250707,7,67,July,Jul,3,2025,202507,1,1,2026,n,2024-07-13
20250714,2025-07-14,1,14,2022,Monday,Mon,y,29,294,2025-07-14,20250714,7,67,July,Jul,3,2025,202507,1,1,2026,n,2024-07-14
20250715,2025-07-15,2,15,2023,Tuesday,Tue,y,29,294,2025-07-14,20250714,7,67,July,Jul,3,2025,202507,1,1,2026,n,2024-07-15
20250716,2025-07-16,3,16,2024,Wednesday,Wed,y,29,294,2025-07-14,20250714,7,67,July,Jul,3,2025,202507,1,1,2026,n,2024-07-16
20250717,2025-07-17,4,17,2025,Thursday,Thu,y,29,294,2025-07-14,20250714,7,67,July,Jul,3,2025,202507,1,1,2026,n,2024-07-17
20250718,2025-07-18,5,18,2026,Friday,Fri,y,29,294,2025-07-14,20250714,7,67,July,Jul,3,2025,202507,1,1,2026,n,2024-07-18
20250719,2025-07-19,6,19,2027,Saturday,Sat,n,29,294,2025-07-14,20250714,7,67,July,Jul,3,2025,202507,1,1,2026,n,2024-07-19
20250720,2025-07-20,7,20,2028,Sunday,Sun,n,29,294,2025-07-14,20250714,7,67,July,Jul,3,2025,202507,1,1,2026,n,2024-07-20
20250721,2025-07-21,1,21,2029,Monday,Mon,y,30,295,2025-07-21,20250721,7,67,July,Jul,3,2025,202507,1,1,2026,n,2024-07-21
20250722,2025-07-22,2,22,2030,Tuesday,Tue,y,30,295,2025-07-21,20250721,7,67,July,Jul,3,2025,202507,1,1,2026,n,2024-07-22
20250723,2025-07-23,3,23,2031,Wednesday,Wed,y,30,295,2025-07-21,20250721,7,67,July,Jul,3,2025,202507,1,1,2026,n,2024-07-23
20250724,2025-07-24,4,24,2032,Thursday,Thu,y,30,295,2025-07-21,20250721,7,67,July,Jul,3,2025,202507,1,1,2026,n,2024-07-24
20250725,2025-07-25,5,25,2033,Friday,Fri,y,30,295,2025-07-21,20250721,7,67,July,Jul,3,2025,202507,1,1,2026,n,2024-07-25
20250726,2025-07-26,6,26,2034,Saturday,Sat,n,30,295,2025-07-21,20250721,7,67,July,Jul,3,2025,202507,1,1,2026,n,2024-07-26
20250727,2025-07-27,7,27,2035,Sunday,Sun,n,30,295,2025-07-21,20250721,7,67,July,Jul,3,2025,202507,1,1,2026,n,2024-07-27
20250728,2025-07-28,1,28,2036,Monday,Mon,y,31,296,2025-07-28,20250728,7,67,July,Jul,3,2025,202507,1,1,2026,n,2024-07-28
20250729,2025-07-29,2,29,2037,Tuesday,Tue,y,31,296,2025-07-28,20250728,7,67,July,Jul,3,2025,202507,1,1,2026,n,2024-07-29
20250730,2025-07-30,3,30,2038,Wednesday,Wed,y,31,296,2025-07-28,20250728,7,67,July,Jul,3,2025,202507,1,1,2026,n,2024-07-30
20250731,2025-07-31,4,31,2039,Thursday,Thu,y,31,296,2025-07-28,20250728,7,67,July,Jul,3,2025,202507,1,1,2026,y,2024-07-31
20250801,2025-08-01,5,1,2040,Friday,Fri,y,31,296,2025-07-28,20250728,8,68,August,Aug,3,2025,202508,2,1,2026,n,2024-08-01
20250802,2025-08-02,6,2,2041,Saturday,Sat,n,31,296,2025-07-28,20250728,8,68,August,Aug,3,2025,202508,2,1,2026,n,2024-08-02
20250803,2025-08-03,7,3,2042,Sunday,Sun,n,31,296,2025-07-28,20250728,8,68,August,Aug,3,2025,202508,2,1,2026,n,2024-08-03
20250804,2025-08-04,1,4,2043,Monday,Mon,y,32,297,2025-08-04,20250804,8,68,August,Aug,3,2025,202508,2,1,2026,n,2024-08-04
20250805,2025-08-05,2,5,2044,Tuesday,Tue,y,32,297,2025-08-04,20250804,8,68,August,Aug,3,2025,202508,2,1,2026,n,2024-08-05
20250806,2025-08-06,3,6,2045,Wednesday,Wed,y,32,297,2025-08-04,20250804,8,68,August,Aug,3,2025,202508,2,1,2026,n,2024-08-06
20250807,2025-08-07,4,7,2046,Thursday,Thu,y,32,297,2025-08-04,20250804,8,68,August,Aug,3,2025,202508,2,1,2026,n,2024-08-07
20250808,2025-08-08,5,8,2047,Friday,Fri,y,32,297,2025-08-04,20250804,8,68,August,Aug,3,2025,202508,2,1,2026,n,2024-08-08
20250809,2025-08-09,6,9,2048,Saturday,Sat,n,32,297,2025-08-04,20250804,8,68,August,Aug,3,2025,202508,2,1,2026,n,2024-08-09
20250810,2025-08-10,7,10,2049,Sunday,Sun,n,32,297,2025-08-04,20250804,8,68,August,Aug,3,2025,202508,2,1,2026,n,2024-08-10
20250811,2025-08-11,1,11,2050,Monday,Mon,y,33,298,2025-08-11,20250811,8,68,August,Aug,3,2025,202508,2,1,2026,n,2024-08-11
20250812,2025-08-12,2,12,2051,Tuesday,Tue,y,33,298,2025-08-11,20250811,8,68,August,Aug,3,2025,202508,2,1,2026,n,2024-08-12
20250813,2025-08-13,3,13,2052,Wednesday,Wed,y,33,298,2025-08-11,20250811,8,68,August,Aug,3,2025,202508,2,1,2026,n,2024-08-13
20250814,2025-08-14,4,14,2053,Thursday,Thu,y,33,298,2025-08-11,20250811,8,68,August,Aug,3,2025,202508,2,1,2026,n,2024-08-14
20250815,2025-08-15,5,15,2054,Friday,Fri,y,33,298,2025-08-11,20250811,8,68,August,Aug,3,2025,202508,2,1,2026,n,2024-08-15
20250816,2025-08-16,6,16,2055,Saturday,Sat,n,33,298,2025-08-11,20250811,8,68,August,Aug,3,2025,202508,2,1,2026,n,2024-08-16
20250817,2025-08-17,7,17,2056,Sunday,Sun,n,33,298,2025-08-11,20250811,8,68,August,Aug,3,2025,202508,2,1,2026,n,2024-08-17
20250818,2025-08-18,1,18,2057,Monday,Mon,y,34,299,2025-08-18,20250818,8,68,August,Aug,3,2025,202508,2,1,2026,n,2024-08-18
20250819,2025-08-19,2,19,2058,Tuesday,Tue,y,34,299,2025-08-18,20250818,8,68,August,Aug,3,2025,202508,2,1,2026,n,2024-08-19
20250820,2025-08-20,3,20,2059,Wednesday,Wed,y,34,299,2025-08-18,20250818,8,68,August,Aug,3,2025,202508,2,1,2026,n,2024-08-20
20250821,2025-08-21,4,21,2060,Thursday,Thu,y,34,299,2025-08-18,20250818,8,68,August,Aug,3,2025,202508,2,1,2026,n,2024-08-21
20250822,2025-08-22,5,22,2061,Friday,Fri,y,34,299,2025-08-18,20250818,8,68,August,Aug,3,2025,202508,2,1,2026,n,2024-08-22
20250823,2025-08-23,6,23,2062,Saturday,Sat,n,34,299,2025-08-18,20250818,8,68,August,Aug,3,2025,202508,2,1,2026,n,2024-08-23
20250824,2025-08-24,7,24,2063,Sunday,Sun,n,34,299,2025-08-18,20250818,8,68,August,Aug,3,2025,202508,2,1,2026,n,2024-08-24
20250825,2025-08-25,1,25,2064,Monday,Mon,y,35,300,2025-08-25,20250825,8,68,August,Aug,3,2025,202508,2,1,2026,n,2024-08-25
20250826,2025-08-26,2,26,2065,Tuesday,Tue,y,35,300,2025-08-25,20250825,8,68,August,Aug,3,2025,202508,2,1,2026,n,2024-08-26
20250827,2025-08-27,3,27,2066,Wednesday,Wed,y,35,300,2025-08-25,20250825,8,68,August,Aug,3,2025,202508,2,1,2026,n,2024-08-27
20250828,2025-08-28,4,28,2067,Thursday,Thu,y,35,300,2025-08-25,20250825,8,68,August,Aug,3,2025,202508,2,1,2026,n,2024-08-28
20250829,2025-08-29,5,29,2068,Friday,Fri,y,35,300,2025-08-25,20250825,8,68,August,Aug,3,2025,202508,2,1,2026,n,2024-08-29
20250830,2025-08-30,6,30,2069,Saturday,Sat,n,35,300,2025-08-25,20250825,8,68,August,Aug,3,2025,202508,2,1,2026,n,2024-08-30
20250831,2025-08-31,7,31,2070,Sunday,Sun,n,35,300,2025-08-25,20250825,8,68,August,Aug,3,2025,202508,2,1,2026,y,2024-08-31
20250901,2025-09-01,1,1,2071,Monday,Mon,y,36,301,2025-09-01,20250901,9,69,September,Sep,3,2025,202509,3,1,2026,n,2024-09-01
20250902,2025-09-02,2,2,2072,Tuesday,Tue,y,36,301,2025-09-01,20250901,9,69,September,Sep,3,2025,202509,3,1,2026,n,2024-09-02
20250903,2025-09-03,3,3,2073,Wednesday,Wed,y,36,301,2025-09-01,20250901,9,69,September,Sep,3,2025,202509,3,1,2026,n,2024-09-03
20250904,2025-09-04,4,4,2074,Thursday,Thu,y,36,301,2025-09-01,20250901,9,69,September,Sep,3,2025,202509,3,1,2026,n,2024-09-04
20250905,2025-09-05,5,5,2075,Friday,Fri,y,36,301,2025-09-01,20250901,9,69,September,Sep,3,2025,202509,3,1,2026,n,2024-09-05
20250906,2025-09-06,6,6,2076,Saturday,Sat,n,36,301,2025-09-01,20250901,9,69,September,Sep,3,2025,202509,3,1,2026,n,2024-09-06
20250907,2025-09-07,7,7,2077,Sunday,Sun,n,36,301,2025-09-01,20250901,9,69,September,Sep,3,2025,202509,3,1,2026,n,2024-09-07
20250908,2025-09-08,1,8,2078,Monday,Mon,y,37,302,2025-09-08,20250908,9,69,September,Sep,3,2025,202509,3,1,2026,n,2024-09-08
20250909,2025-09-09,2,9,2079,Tuesday,Tue,y,37,302,2025-09-08,20250908,9,69,September,Sep,3,2025,202509,3,1,2026,n,2024-09-09
20250910,2025-09-10,3,10,2080,Wednesday,Wed,y,37,302,2025-09-08,20250908,9,69,September,Sep,3,2025,202509,3,1,2026,n,2024-09-10
20250911,2025-09-11,4,11,2081,Thursday,Thu,y,37,302,2025-09-08,20250908,9,69,September,Sep,3,2025,202509,3,1,2026,n,2024-09-11
20250912,2025-09-12,5,12,2082,Friday,Fri,y,37,302,2025-09-08,20250908,9,69,September,Sep,3,2025,202509,3,1,2026,n,2024-09-12
20250913,2025-09-13,6,13,2083,Saturday,Sat,n,37,302,2025-09-08,20250908,9,69,September,Sep,3,2025,202509,3,1,2026,n,2024-09-13
20250914,2025-09-14,7,14,2084,Sunday,Sun,n,37,302,2025-09-08,20250908,9,69,September,Sep,3,2025,202509,3,1,2026,n,2024-09-14
20250915,2025-09-15,1,15,2085,Monday,Mon,y,38,303,2025-09-15,20250915,9,69,September,Sep,3,2025,202509,3,1,2026,n,2024-09-15
20250916,2025-09-16,2,16,2086,Tuesday,Tue,y,38,303,2025-09-15,20250915,9,69,September,Sep,3,2025,202509,3,1,2026,n,2024-09-16
20250917,2025-09-17,3,17,2087,Wednesday,Wed,y,38,303,2025-09-15,20250915,9,69,September,Sep,3,2025,202509,3,1,2026,n,2024-09-17
20250918,2025-09-18,4,18,2088,Thursday,Thu,y,38,303,2025-09-15,20250915,9,69,September,Sep,3,2025,202509,3,1,2026,n,2024-09-18
20250919,2025-09-19,5,19,2089,Friday,Fri,y,38,303,2025-09-15,20250915,9,69,September,Sep,3,2025,202509,3,1,2026,n,2024-09-19
20250920,2025-09-20,6,20,2090,Saturday,Sat,n,38,303,2025-09-15,20250915,9,69,September,Sep,3,2025,202509,3,1,2026,n,2024-09-20
20250921,2025-09-21,7,21,2091,Sunday,Sun,n,38,303,2025-09-15,20250915,9,69,September,Sep,3,2025,202509,3,1,2026,n,2024-09-21
20250922,2025-09-22,1,22,2092,Monday,Mon,y,39,304,2025-09-22,20250922,9,69,September,Sep,3,2025,202509,3,1,2026,n,2024-09-22
20250923,2025-09-23,2,23,2093,Tuesday,Tue,y,39,304,2025-09-22,20250922,9,69,September,Sep,3,2025,202509,3,1,2026,n,2024-09-23
20250924,2025-09-24,3,24,2094,Wednesday,Wed,y,39,304,2025-09-22,20250922,9,69,September,Sep,3,2025,202509,3,1,2026,n,2024-09-24
20250925,2025-09-25,4,25,2095,Thursday,Thu,y,39,304,2025-09-22,20250922,9,69,September,Sep,3,2025,202509,3,1,2026,n,2024-09-25
20250926,2025-09-26,5,26,2096,Friday,Fri,y,39,304,2025-09-22,20250922,9,69,September,Sep,3,2025,202509,3,1,2026,n,2024-09-26
20250927,2025-09-27,6,27,2097,Saturday,Sat,n,39,304,2025-09-22,20250922,9,69,September,Sep,3,2025,202509,3,1,2026,n,2024-09-27
20250928,2025-09-28,7,28,2098,Sunday,Sun,n,39,304,2025-09-22,20250922,9,69,September,Sep,3,2025,202509,3,1,2026,n,2024-09-28
20250929,2025-09-29,1,29,2099,Monday,Mon,y,40,305,2025-09-29,20250929,9,69,September,Sep,3,2025,202509,3,1,2026,n,2024-09-29
20250930,2025-09-30,2,30,2100,Tuesday,Tue,y,40,305,2025-09-29,20250929,9,69,September,Sep,3,2025,202509,3,1,2026,y,2024-09-30
20251001,2025-10-01,3,1,2101,Wednesday,Wed,y,40,305,2025-09-29,20250929,10,70,October,Oct,4,2025,202510,4,2,2026,n,2024-10-01
20251002,2025-10-02,4,2,2102,Thursday,Thu,y,40,305,2025-09-29,20250929,10,70,October,Oct,4,2025,202510,4,2,2026,n,2024-10-02
20251003,2025-10-03,5,3,2103,Friday,Fri,y,40,305,2025-09-29,20250929,10,70,October,Oct,4,2025,202510,4,2,2026,n,2024-10-03
20251004,2025-10-04,6,4,2104,Saturday,Sat,n,40,305,2025-09-29,20250929,10,70,October,Oct,4,2025,202510,4,2,2026,n,2024-10-04
20251005,2025-10-05,7,5,2105,Sunday,Sun,n,40,305,2025-09-29,20250929,10,70,October,Oct,4,2025,202510,4,2,2026,n,2024-10-05
20251006,2025-10-06,1,6,2106,Monday,Mon,y,41,306,2025-10-06,20251006,10,70,October,Oct,4,2025,202510,4,2,2026,n,2024-10-06
20251007,2025-10-07,2,7,2107,Tuesday,Tue,y,41,306,2025-10-06,20251006,10,70,October,Oct,4,2025,202510,4,2,2026,n,2024-10-07
20251008,2025-10-08,3,8,2108,Wednesday,Wed,y,41,306,2025-10-06,20251006,10,70,October,Oct,4,2025,202510,4,2,2026,n,2024-10-08
20251009,2025-10-09,4,9,2109,Thursday,Thu,y,41,306,2025-10-06,20251006,10,70,October,Oct,4,2025,202510,4,2,2026,n,2024-10-09
20251010,2025-10-10,5,10,2110,Friday,Fri,y,41,306,2025-10-06,20251006,10,70,October,Oct,4,2025,202510,4,2,2026,n,2024-10-10
20251011,2025-10-11,6,11,2111,Saturday,Sat,n,41,306,2025-10-06,20251006,10,70,October,Oct,4,2025,202510,4,2,2026,n,2024-10-11
20251012,2025-10-12,7,12,2112,Sunday,Sun,n,41,306,2025-10-06,20251006,10,70,October,Oct,4,2025,202510,4,2,2026,n,2024-10-12
20251013,2025-10-13,1,13,2113,Monday,Mon,y,42,307,2025-10-13,20251013,10,70,October,Oct,4,2025,202510,4,2,2026,n,2024-10-13
20251014,2025-10-14,2,14,2114,Tuesday,Tue,y,42,307,2025-10-13,20251013,10,70,October,Oct,4,2025,202510,4,2,2026,n,2024-10-14
20251015,2025-10-15,3,15,2115,Wednesday,Wed,y,42,307,2025-10-13,20251013,10,70,October,Oct,4,2025,202510,4,2,2026,n,2024-10-15
20251016,2025-10-16,4,16,2116,Thursday,Thu,y,42,307,2025-10-13,20251013,10,70,October,Oct,4,2025,202510,4,2,2026,n,2024-10-16
20251017,2025-10-17,5,17,2117,Friday,Fri,y,42,307,2025-10-13,20251013,10,70,October,Oct,4,2025,202510,4,2,2026,n,2024-10-17
20251018,2025-10-18,6,18,2118,Saturday,Sat,n,42,307,2025-10-13,20251013,10,70,October,Oct,4,2025,202510,4,2,2026,n,2024-10-18
20251019,2025-10-19,7,19,2119,Sunday,Sun,n,42,307,2025-10-13,20251013,10,70,October,Oct,4,2025,202510,4,2,2026,n,2024-10-19
20251020,2025-10-20,1,20,2120,Monday,Mon,y,43,308,2025-10-20,20251020,10,70,October,Oct,4,2025,202510,4,2,2026,n,2024-10-20
20251021,2025-10-21,2,21,2121,Tuesday,Tue,y,43,308,2025-10-20,20251020,10,70,October,Oct,4,2025,202510,4,2,2026,n,2024-10-21
20251022,2025-10-22,3,22,2122,Wednesday,Wed,y,43,308,2025-10-20,20251020,10,70,October,Oct,4,2025,202510,4,2,2026,n,2024-10-22
20251023,2025-10-23,4,23,2123,Thursday,Thu,y,43,308,2025-10-20,20251020,10,70,October,Oct,4,2025,202510,4,2,2026,n,2024-10-23
20251024,2025-10-24,5,24,2124,Friday,Fri,y,43,308,2025-10-20,20251020,10,70,October,Oct,4,2025,202510,4,2,2026,n,2024-10-24
20251025,2025-10-25,6,25,2125,Saturday,Sat,n,43,308,2025-10-20,20251020,10,70,October,Oct,4,2025,202510,4,2,2026,n,2024-10-25
20251026,2025-10-26,7,26,2126,Sunday,Sun,n,43,308,2025-10-20,20251020,10,70,October,Oct,4,2025,202510,4,2,2026,n,2024-10-26
20251027,2025-10-27,1,27,2127,Monday,Mon,y,44,309,2025-10-27,20251027,10,70,October,Oct,4,2025,202510,4,2,2026,n,2024-10-27
20251028,2025-10-28,2,28,2128,Tuesday,Tue,y,44,309,2025-10-27,20251027,10,70,October,Oct,4,2025,202510,4,2,2026,n,2024-10-28
20251029,2025-10-29,3,29,2129,Wednesday,Wed,y,44,309,2025-10-27,20251027,10,70,October,Oct,4,2025,202510,4,2,2026,n,2024-10-29
20251030,2025-10-30,4,30,2130,Thursday,Thu,y,44,309,2025-10-27,20251027,10,70,October,Oct,4,2025,202510,4,2,2026,n,2024-10-30
20251031,2025-10-31,5,31,2131,Friday,Fri,y,44,309,2025-10-27,20251027,10,70,October,Oct,4,2025,202510,4,2,2026,y,2024-10-31
20251101,2025-11-01,6,1,2132,Saturday,Sat,n,44,309,2025-10-27,20251027,11,71,November,Nov,4,2025,202511,5,2,2026,n,2024-11-01
20251102,2025-11-02,7,2,2133,Sunday,Sun,n,44,309,2025-10-27,20251027,11,71,November,Nov,4,2025,202511,5,2,2026,n,2024-11-02
20251103,2025-11-03,1,3,2134,Monday,Mon,y,45,310,2025-11-03,20251103,11,71,November,Nov,4,2025,202511,5,2,2026,n,2024-11-03
20251104,2025-11-04,2,4,2135,Tuesday,Tue,y,45,310,2025-11-03,20251103,11,71,November,Nov,4,2025,202511,5,2,2026,n,2024-11-04
20251105,2025-11-05,3,5,2136,Wednesday,Wed,y,45,310,2025-11-03,20251103,11,71,November,Nov,4,2025,202511,5,2,2026,n,2024-11-05
20251106,2025-11-06,4,6,2137,Thursday,Thu,y,45,310,2025-11-03,20251103,11,71,November,Nov,4,2025,202511,5,2,2026,n,2024-11-06
20251107,2025-11-07,5,7,2138,Friday,Fri,y,45,310,2025-11-03,20251103,11,71,November,Nov,4,2025,202511,5,2,2026,n,2024-11-07
20251108,2025-11-08,6,8,2139,Saturday,Sat,n,45,310,2025-11-03,20251103,11,71,November,Nov,4,2025,202511,5,2,2026,n,2024-11-08
20251109,2025-11-09,7,9,2140,Sunday,Sun,n,45,310,2025-11-03,20251103,11,71,November,Nov,4,2025,202511,5,2,2026,n,2024-11-09
20251110,2025-11-10,1,10,2141,Monday,Mon,y,46,311,2025-11-10,20251110,11,71,November,Nov,4,2025,202511,5,2,2026,n,2024-11-10
20251111,2025-11-11,2,11,2142,Tuesday,Tue,y,46,311,2025-11-10,20251110,11,71,November,Nov,4,2025,202511,5,2,2026,n,2024-11-11
20251112,2025-11-12,3,12,2143,Wednesday,Wed,y,46,311,2025-11-10,20251110,11,71,November,Nov,4,2025,202511,5,2,2026,n,2024-11-12
20251113,2025-11-13,4,13,2144,Thursday,Thu,y,46,311,2025-11-10,20251110,11,71,November,Nov,4,2025,202511,5,2,2026,n,2024-11-13
20251114,2025-11-14,5,14,2145,Friday,Fri,y,46,311,2025-11-10,20251110,11,71,November,Nov,4,2025,202511,5,2,2026,n,2024-11-14
20251115,2025-11-15,6,15,2146,Saturday,Sat,n,46,311,2025-11-10,20251110,11,71,November,Nov,4,2025,202511,5,2,2026,n,2024-11-15
20251116,2025-11-16,7,16,2147,Sunday,Sun,n,46,311,2025-11-10,20251110,11,71,November,Nov,4,2025,202511,5,2,2026,n,2024-11-16
20251117,2025-11-17,1,17,2148,Monday,Mon,y,47,312,2025-11-17,20251117,11,71,November,Nov,4,2025,202511,5,2,2026,n,2024-11-17
20251118,2025-11-18,2,18,2149,Tuesday,Tue,y,47,312,2025-11-17,20251117,11,71,November,Nov,4,2025,202511,5,2,2026,n,2024-11-18
20251119,2025-11-19,3,19,2150,Wednesday,Wed,y,47,312,2025-11-17,20251117,11,71,November,Nov,4,2025,202511,5,2,2026,n,2024-11-19
20251120,2025-11-20,4,20,2151,Thursday,Thu,y,47,312,2025-11-17,20251117,11,71,November,Nov,4,2025,202511,5,2,2026,n,2024-11-20
20251121,2025-11-21,5,21,2152,Friday,Fri,y,47,312,2025-11-17,20251117,11,71,November,Nov,4,2025,202511,5,2,2026,n,2024-11-21
20251122,2025-11-22,6,22,2153,Saturday,Sat,n,47,312,2025-11-17,20251117,11,71,November,Nov,4,2025,202511,5,2,2026,n,2024-11-22
20251123,2025-11-23,7,23,2154,Sunday,Sun,n,47,312,2025-11-17,20251117,11,71,November,Nov,4,2025,202511,5,2,2026,n,2024-11-23
20251124,2025-11-24,1,24,2155,Monday,Mon,y,48,313,2025-11-24,20251124,11,71,November,Nov,4,2025,202511,5,2,2026,n,2024-11-24
20251125,2025-11-25,2,25,2156,Tuesday,Tue,y,48,313,2025-11-24,20251124,11,71,November,Nov,4,2025,202511,5,2,2026,n,2024-11-25
20251126,2025-11-26,3,26,2157,Wednesday,Wed,y,48,313,2025-11-24,20251124,11,71,November,Nov,4,2025,202511,5,2,2026,n,2024-11-26
20251127,2025-11-27,4,27,2158,Thursday,Thu,y,48,313,2025-11-24,20251124,11,71,November,Nov,4,2025,202511,5,2,2026,n,2024-11-27
20251128,2025-11-28,5,28,2159,Friday,Fri,y,48,313,2025-11-24,20251124,11,71,November,Nov,4,2025,202511,5,2,2026,n,2024-11-28
20251129,2025-11-29,6,29,2160,Saturday,Sat,n,48,313,2025-11-24,20251124,11,71,November,Nov,4,2025,202511,5,2,2026,n,2024-11-29
20251130,2025-11-30,7,30,2161,Sunday,Sun,n,48,313,2025-11-24,20251124,11,71,November,Nov,4,2025,202511,5,2,2026,y,2024-11-30
20251201,2025-12-01,1,1,2162,Monday,Mon,y,49,314,2025-12-01,20251201,12,72,December,Dec,4,2025,202512,6,2,2026,n,2024-12-01
20251202,2025-12-02,2,2,2163,Tuesday,Tue,y,49,314,2025-12-01,20251201,12,72,December,Dec,4,2025,202512,6,2,2026,n,2024-12-02
20251203,2025-12-03,3,3,2164,Wednesday,Wed,y,49,314,2025-12-01,20251201,12,72,December,Dec,4,2025,202512,6,2,2026,n,2024-12-03
20251204,2025-12-04,4,4,2165,Thursday,Thu,y,49,314,2025-12-01,20251201,12,72,December,Dec,4,2025,202512,6,2,2026,n,2024-12-04
20251205,2025-12-05,5,5,2166,Friday,Fri,y,49,314,2025-12-01,20251201,12,72,December,Dec,4,2025,202512,6,2,2026,n,2024-12-05
20251206,2025-12-06,6,6,2167,Saturday,Sat,n,49,314,2025-12-01,20251201,12,72,December,Dec,4,2025,202512,6,2,2026,n,2024-12-06
20251207,2025-12-07,7,7,2168,Sunday,Sun,n,49,314,2025-12-01,20251201,12,72,December,Dec,4,2025,202512,6,2,2026,n,2024-12-07
20251208,2025-12-08,1,8,2169,Monday,Mon,y,50,315,2025-12-08,20251208,12,72,December,Dec,4,2025,202512,6,2,2026,n,2024-12-08
20251209,2025-12-09,2,9,2170,Tuesday,Tue,y,50,315,2025-12-08,20251208,12,72,December,Dec,4,2025,202512,6,2,2026,n,2024-12-09
20251210,2025-12-10,3,10,2171,Wednesday,Wed,y,50,315,2025-12-08,20251208,12,72,December,Dec,4,2025,202512,6,2,2026,n,2024-12-10
20251211,2025-12-11,4,11,2172,Thursday,Thu,y,50,315,2025-12-08,20251208,12,72,December,Dec,4,2025,202512,6,2,2026,n,2024-12-11
20251212,2025-12-12,5,12,2173,Friday,Fri,y,50,315,2025-12-08,20251208,12,72,December,Dec,4,2025,202512,6,2,2026,n,2024-12-12
20251213,2025-12-13,6,13,2174,Saturday,Sat,n,50,315,2025-12-08,20251208,12,72,December,Dec,4,2025,202512,6,2,2026,n,2024-12-13
20251214,2025-12-14,7,14,2175,Sunday,Sun,n,50,315,2025-12-08,20251208,12,72,December,Dec,4,2025,202512,6,2,2026,n,2024-12-14
20251215,2025-12-15,1,15,2176,Monday,Mon,y,51,316,2025-12-15,20251215,12,72,December,Dec,4,2025,202512,6,2,2026,n,2024-12-15
20251216,2025-12-16,2,16,2177,Tuesday,Tue,y,51,316,2025-12-15,20251215,12,72,December,Dec,4,2025,202512,6,2,2026,n,2024-12-16
20251217,2025-12-17,3,17,2178,Wednesday,Wed,y,51,316,2025-12-15,20251215,12,72,December,Dec,4,2025,202512,6,2,2026,n,2024-12-17
20251218,2025-12-18,4,18,2179,Thursday,Thu,y,51,316,2025-12-15,20251215,12,72,December,Dec,4,2025,202512,6,2,2026,n,2024-12-18
20251219,2025-12-19,5,19,2180,Friday,Fri,y,51,316,2025-12-15,20251215,12,72,December,Dec,4,2025,202512,6,2,2026,n,2024-12-19
20251220,2025-12-20,6,20,2181,Saturday,Sat,n,51,316,2025-12-15,20251215,12,72,December,Dec,4,2025,202512,6,2,2026,n,2024-12-20
20251221,2025-12-21,7,21,2182,Sunday,Sun,n,51,316,2025-12-15,20251215,12,72,December,Dec,4,2025,202512,6,2,2026,n,2024-12-21
20251222,2025-12-22,1,22,2183,Monday,Mon,y,52,317,2025-12-22,20251222,12,72,December,Dec,4,2025,202512,6,2,2026,n,2024-12-22
20251223,2025-12-23,2,23,2184,Tuesday,Tue,y,52,317,2025-12-22,20251222,12,72,December,Dec,4,2025,202512,6,2,2026,n,2024-12-23
20251224,2025-12-24,3,24,2185,Wednesday,Wed,y,52,317,2025-12-22,20251222,12,72,December,Dec,4,2025,202512,6,2,2026,n,2024-12-24
20251225,2025-12-25,4,25,2186,Thursday,Thu,y,52,317,2025-12-22,20251222,12,72,December,Dec,4,2025,202512,6,2,2026,n,2024-12-25
20251226,2025-12-26,5,26,2187,Friday,Fri,y,52,317,2025-12-22,20251222,12,72,December,Dec,4,2025,202512,6,2,2026,n,2024-12-26
20251227,2025-12-27,6,27,2188,Saturday,Sat,n,52,317,2025-12-22,20251222,12,72,December,Dec,4,2025,202512,6,2,2026,n,2024-12-27
20251228,2025-12-28,7,28,2189,Sunday,Sun,n,52,317,2025-12-22,20251222,12,72,December,Dec,4,2025,202512,6,2,2026,n,2024-12-28
20251229,2025-12-29,1,29,2190,Monday,Mon,y,53,318,2025-12-29,20251229,12,72,December,Dec,4,2025,202512,6,2,2026,n,2024-12-29
20251230,2025-12-30,2,30,2191,Tuesday,Tue,y,53,318,2025-12-29,20251229,12,72,December,Dec,4,2025,202512,6,2,2026,n,2024-12-30
